Added Component: Designator=AUX1(WL-SMCW_1206)
Add component (AddParameter): Name = "Check_prices"; Value = "https://www.snapeda.com/parts/150120BS75000/Wurth+Electronics/view-part/?ref=eda"; VariantName = "[No Variations]"
Add component (AddParameter): Name = "MF"; Value = "Wurth Electronics"; VariantName = "[No Variations]"
Add component (AddParameter): Name = "MP"; Value = "150120BS75000"; VariantName = "[No Variations]"
Add component (AddParameter): Name = "Package"; Value = "1206 Wurth Electronics"; VariantName = "[No Variations]"
Add component (AddParameter): Name = "SnapEDA_Link"; Value = "https://www.snapeda.com/parts/150120BS75000/Wurth+Electronics/view-part/?ref=snap"; VariantName = "[No Variations]"
Add component (AddParameter): Name = "Value"; Value = ""; VariantName = "[No Variations]"
Added Component: Designator=C1(CAPC1608X94N)
Add component (AddParameter): Name = "Check_prices"; Value = "https://www.snapeda.com/parts/VJ0603D3R9DXCAP/Vishay/view-part/?ref=eda"; VariantName = "[No Variations]"
Add component (AddParameter): Name = "MF"; Value = "Vishay Vitramon"; VariantName = "[No Variations]"
Add component (AddParameter): Name = "MP"; Value = "VJ0603D3R9DXCAP"; VariantName = "[No Variations]"
Add component (AddParameter): Name = "Package"; Value = "1608 Vishay Vitramon"; VariantName = "[No Variations]"
Add component (AddParameter): Name = "SnapEDA_Link"; Value = "https://www.snapeda.com/parts/VJ0603D3R9DXCAP/Vishay/view-part/?ref=snap"; VariantName = "[No Variations]"
Add component (AddParameter): Name = "Value"; Value = ""; VariantName = "[No Variations]"
Added Component: Designator=C2(CAPC1608X94N)
Add component (AddParameter): Name = "Check_prices"; Value = "https://www.snapeda.com/parts/VJ0603D3R9DXCAP/Vishay/view-part/?ref=eda"; VariantName = "[No Variations]"
Add component (AddParameter): Name = "MF"; Value = "Vishay Vitramon"; VariantName = "[No Variations]"
Add component (AddParameter): Name = "MP"; Value = "VJ0603D3R9DXCAP"; VariantName = "[No Variations]"
Add component (AddParameter): Name = "Package"; Value = "1608 Vishay Vitramon"; VariantName = "[No Variations]"
Add component (AddParameter): Name = "SnapEDA_Link"; Value = "https://www.snapeda.com/parts/VJ0603D3R9DXCAP/Vishay/view-part/?ref=snap"; VariantName = "[No Variations]"
Add component (AddParameter): Name = "Value"; Value = ""; VariantName = "[No Variations]"
Added Component: Designator=C3(CAPC1608X94N)
Add component (AddParameter): Name = "Check_prices"; Value = "https://www.snapeda.com/parts/VJ0603D3R9DXCAP/Vishay/view-part/?ref=eda"; VariantName = "[No Variations]"
Add component (AddParameter): Name = "MF"; Value = "Vishay Vitramon"; VariantName = "[No Variations]"
Add component (AddParameter): Name = "MP"; Value = "VJ0603D3R9DXCAP"; VariantName = "[No Variations]"
Add component (AddParameter): Name = "Package"; Value = "1608 Vishay Vitramon"; VariantName = "[No Variations]"
Add component (AddParameter): Name = "SnapEDA_Link"; Value = "https://www.snapeda.com/parts/VJ0603D3R9DXCAP/Vishay/view-part/?ref=snap"; VariantName = "[No Variations]"
Add component (AddParameter): Name = "Value"; Value = ""; VariantName = "[No Variations]"
Added Component: Designator=C4(CAPC1608X94N)
Add component (AddParameter): Name = "Check_prices"; Value = "https://www.snapeda.com/parts/VJ0603D3R9DXCAP/Vishay/view-part/?ref=eda"; VariantName = "[No Variations]"
Add component (AddParameter): Name = "MF"; Value = "Vishay Vitramon"; VariantName = "[No Variations]"
Add component (AddParameter): Name = "MP"; Value = "VJ0603D3R9DXCAP"; VariantName = "[No Variations]"
Add component (AddParameter): Name = "Package"; Value = "1608 Vishay Vitramon"; VariantName = "[No Variations]"
Add component (AddParameter): Name = "SnapEDA_Link"; Value = "https://www.snapeda.com/parts/VJ0603D3R9DXCAP/Vishay/view-part/?ref=snap"; VariantName = "[No Variations]"
Add component (AddParameter): Name = "Value"; Value = ""; VariantName = "[No Variations]"
Added Component: Designator=C5(CAPC1608X94N)
Add component (AddParameter): Name = "Check_prices"; Value = "https://www.snapeda.com/parts/VJ0603D3R9DXCAP/Vishay/view-part/?ref=eda"; VariantName = "[No Variations]"
Add component (AddParameter): Name = "MF"; Value = "Vishay Vitramon"; VariantName = "[No Variations]"
Add component (AddParameter): Name = "MP"; Value = "VJ0603D3R9DXCAP"; VariantName = "[No Variations]"
Add component (AddParameter): Name = "Package"; Value = "1608 Vishay Vitramon"; VariantName = "[No Variations]"
Add component (AddParameter): Name = "SnapEDA_Link"; Value = "https://www.snapeda.com/parts/VJ0603D3R9DXCAP/Vishay/view-part/?ref=snap"; VariantName = "[No Variations]"
Add component (AddParameter): Name = "Value"; Value = ""; VariantName = "[No Variations]"
Added Component: Designator=C6(CAPC1608X94N)
Add component (AddParameter): Name = "Check_prices"; Value = "https://www.snapeda.com/parts/VJ0603D3R9DXCAP/Vishay/view-part/?ref=eda"; VariantName = "[No Variations]"
Add component (AddParameter): Name = "MF"; Value = "Vishay Vitramon"; VariantName = "[No Variations]"
Add component (AddParameter): Name = "MP"; Value = "VJ0603D3R9DXCAP"; VariantName = "[No Variations]"
Add component (AddParameter): Name = "Package"; Value = "1608 Vishay Vitramon"; VariantName = "[No Variations]"
Add component (AddParameter): Name = "SnapEDA_Link"; Value = "https://www.snapeda.com/parts/VJ0603D3R9DXCAP/Vishay/view-part/?ref=snap"; VariantName = "[No Variations]"
Add component (AddParameter): Name = "Value"; Value = ""; VariantName = "[No Variations]"
Added Component: Designator=C7(CAPC1608X94N)
Add component (AddParameter): Name = "Check_prices"; Value = "https://www.snapeda.com/parts/VJ0603D3R9DXCAP/Vishay/view-part/?ref=eda"; VariantName = "[No Variations]"
Add component (AddParameter): Name = "MF"; Value = "Vishay Vitramon"; VariantName = "[No Variations]"
Add component (AddParameter): Name = "MP"; Value = "VJ0603D3R9DXCAP"; VariantName = "[No Variations]"
Add component (AddParameter): Name = "Package"; Value = "1608 Vishay Vitramon"; VariantName = "[No Variations]"
Add component (AddParameter): Name = "SnapEDA_Link"; Value = "https://www.snapeda.com/parts/VJ0603D3R9DXCAP/Vishay/view-part/?ref=snap"; VariantName = "[No Variations]"
Add component (AddParameter): Name = "Value"; Value = ""; VariantName = "[No Variations]"
Added Component: Designator=C8(CAPC1608X94N)
Add component (AddParameter): Name = "Check_prices"; Value = "https://www.snapeda.com/parts/VJ0603D3R9DXCAP/Vishay/view-part/?ref=eda"; VariantName = "[No Variations]"
Add component (AddParameter): Name = "MF"; Value = "Vishay Vitramon"; VariantName = "[No Variations]"
Add component (AddParameter): Name = "MP"; Value = "VJ0603D3R9DXCAP"; VariantName = "[No Variations]"
Add component (AddParameter): Name = "Package"; Value = "1608 Vishay Vitramon"; VariantName = "[No Variations]"
Add component (AddParameter): Name = "SnapEDA_Link"; Value = "https://www.snapeda.com/parts/VJ0603D3R9DXCAP/Vishay/view-part/?ref=snap"; VariantName = "[No Variations]"
Add component (AddParameter): Name = "Value"; Value = ""; VariantName = "[No Variations]"
Added Component: Designator=C9(CAPC1608X94N)
Add component (AddParameter): Name = "Check_prices"; Value = "https://www.snapeda.com/parts/VJ0603D3R9DXCAP/Vishay/view-part/?ref=eda"; VariantName = "[No Variations]"
Add component (AddParameter): Name = "MF"; Value = "Vishay Vitramon"; VariantName = "[No Variations]"
Add component (AddParameter): Name = "MP"; Value = "VJ0603D3R9DXCAP"; VariantName = "[No Variations]"
Add component (AddParameter): Name = "Package"; Value = "1608 Vishay Vitramon"; VariantName = "[No Variations]"
Add component (AddParameter): Name = "SnapEDA_Link"; Value = "https://www.snapeda.com/parts/VJ0603D3R9DXCAP/Vishay/view-part/?ref=snap"; VariantName = "[No Variations]"
Add component (AddParameter): Name = "Value"; Value = ""; VariantName = "[No Variations]"
Added Component: Designator=C10(CAPC1608X94N)
Add component (AddParameter): Name = "Check_prices"; Value = "https://www.snapeda.com/parts/VJ0603D3R9DXCAP/Vishay/view-part/?ref=eda"; VariantName = "[No Variations]"
Add component (AddParameter): Name = "MF"; Value = "Vishay Vitramon"; VariantName = "[No Variations]"
Add component (AddParameter): Name = "MP"; Value = "VJ0603D3R9DXCAP"; VariantName = "[No Variations]"
Add component (AddParameter): Name = "Package"; Value = "1608 Vishay Vitramon"; VariantName = "[No Variations]"
Add component (AddParameter): Name = "SnapEDA_Link"; Value = "https://www.snapeda.com/parts/VJ0603D3R9DXCAP/Vishay/view-part/?ref=snap"; VariantName = "[No Variations]"
Add component (AddParameter): Name = "Value"; Value = ""; VariantName = "[No Variations]"
Added Component: Designator=C11(CAPC1608X94N)
Add component (AddParameter): Name = "Check_prices"; Value = "https://www.snapeda.com/parts/VJ0603D3R9DXCAP/Vishay/view-part/?ref=eda"; VariantName = "[No Variations]"
Add component (AddParameter): Name = "MF"; Value = "Vishay Vitramon"; VariantName = "[No Variations]"
Add component (AddParameter): Name = "MP"; Value = "VJ0603D3R9DXCAP"; VariantName = "[No Variations]"
Add component (AddParameter): Name = "Package"; Value = "1608 Vishay Vitramon"; VariantName = "[No Variations]"
Add component (AddParameter): Name = "SnapEDA_Link"; Value = "https://www.snapeda.com/parts/VJ0603D3R9DXCAP/Vishay/view-part/?ref=snap"; VariantName = "[No Variations]"
Add component (AddParameter): Name = "Value"; Value = ""; VariantName = "[No Variations]"
Added Component: Designator=C12(CAPC1608X94N)
Add component (AddParameter): Name = "Check_prices"; Value = "https://www.snapeda.com/parts/VJ0603D3R9DXCAP/Vishay/view-part/?ref=eda"; VariantName = "[No Variations]"
Add component (AddParameter): Name = "MF"; Value = "Vishay Vitramon"; VariantName = "[No Variations]"
Add component (AddParameter): Name = "MP"; Value = "VJ0603D3R9DXCAP"; VariantName = "[No Variations]"
Add component (AddParameter): Name = "Package"; Value = "1608 Vishay Vitramon"; VariantName = "[No Variations]"
Add component (AddParameter): Name = "SnapEDA_Link"; Value = "https://www.snapeda.com/parts/VJ0603D3R9DXCAP/Vishay/view-part/?ref=snap"; VariantName = "[No Variations]"
Add component (AddParameter): Name = "Value"; Value = ""; VariantName = "[No Variations]"
Added Component: Designator=C13(CAPC1608X94N)
Add component (AddParameter): Name = "Check_prices"; Value = "https://www.snapeda.com/parts/VJ0603D3R9DXCAP/Vishay/view-part/?ref=eda"; VariantName = "[No Variations]"
Add component (AddParameter): Name = "MF"; Value = "Vishay Vitramon"; VariantName = "[No Variations]"
Add component (AddParameter): Name = "MP"; Value = "VJ0603D3R9DXCAP"; VariantName = "[No Variations]"
Add component (AddParameter): Name = "Package"; Value = "1608 Vishay Vitramon"; VariantName = "[No Variations]"
Add component (AddParameter): Name = "SnapEDA_Link"; Value = "https://www.snapeda.com/parts/VJ0603D3R9DXCAP/Vishay/view-part/?ref=snap"; VariantName = "[No Variations]"
Add component (AddParameter): Name = "Value"; Value = ""; VariantName = "[No Variations]"
Added Component: Designator=C14(CAPC1608X94N)
Add component (AddParameter): Name = "Check_prices"; Value = "https://www.snapeda.com/parts/VJ0603D3R9DXCAP/Vishay/view-part/?ref=eda"; VariantName = "[No Variations]"
Add component (AddParameter): Name = "MF"; Value = "Vishay Vitramon"; VariantName = "[No Variations]"
Add component (AddParameter): Name = "MP"; Value = "VJ0603D3R9DXCAP"; VariantName = "[No Variations]"
Add component (AddParameter): Name = "Package"; Value = "1608 Vishay Vitramon"; VariantName = "[No Variations]"
Add component (AddParameter): Name = "SnapEDA_Link"; Value = "https://www.snapeda.com/parts/VJ0603D3R9DXCAP/Vishay/view-part/?ref=snap"; VariantName = "[No Variations]"
Add component (AddParameter): Name = "Value"; Value = ""; VariantName = "[No Variations]"
Added Component: Designator=C15(CAPC1608X94N)
Add component (AddParameter): Name = "Check_prices"; Value = "https://www.snapeda.com/parts/VJ0603D3R9DXCAP/Vishay/view-part/?ref=eda"; VariantName = "[No Variations]"
Add component (AddParameter): Name = "MF"; Value = "Vishay Vitramon"; VariantName = "[No Variations]"
Add component (AddParameter): Name = "MP"; Value = "VJ0603D3R9DXCAP"; VariantName = "[No Variations]"
Add component (AddParameter): Name = "Package"; Value = "1608 Vishay Vitramon"; VariantName = "[No Variations]"
Add component (AddParameter): Name = "SnapEDA_Link"; Value = "https://www.snapeda.com/parts/VJ0603D3R9DXCAP/Vishay/view-part/?ref=snap"; VariantName = "[No Variations]"
Add component (AddParameter): Name = "Value"; Value = ""; VariantName = "[No Variations]"
Added Component: Designator=C16(CAPC1608X94N)
Add component (AddParameter): Name = "Check_prices"; Value = "https://www.snapeda.com/parts/VJ0603D3R9DXCAP/Vishay/view-part/?ref=eda"; VariantName = "[No Variations]"
Add component (AddParameter): Name = "MF"; Value = "Vishay Vitramon"; VariantName = "[No Variations]"
Add component (AddParameter): Name = "MP"; Value = "VJ0603D3R9DXCAP"; VariantName = "[No Variations]"
Add component (AddParameter): Name = "Package"; Value = "1608 Vishay Vitramon"; VariantName = "[No Variations]"
Add component (AddParameter): Name = "SnapEDA_Link"; Value = "https://www.snapeda.com/parts/VJ0603D3R9DXCAP/Vishay/view-part/?ref=snap"; VariantName = "[No Variations]"
Add component (AddParameter): Name = "Value"; Value = ""; VariantName = "[No Variations]"
Added Component: Designator=C17(CAPC1608X94N)
Add component (AddParameter): Name = "Check_prices"; Value = "https://www.snapeda.com/parts/VJ0603D3R9DXCAP/Vishay/view-part/?ref=eda"; VariantName = "[No Variations]"
Add component (AddParameter): Name = "MF"; Value = "Vishay Vitramon"; VariantName = "[No Variations]"
Add component (AddParameter): Name = "MP"; Value = "VJ0603D3R9DXCAP"; VariantName = "[No Variations]"
Add component (AddParameter): Name = "Package"; Value = "1608 Vishay Vitramon"; VariantName = "[No Variations]"
Add component (AddParameter): Name = "SnapEDA_Link"; Value = "https://www.snapeda.com/parts/VJ0603D3R9DXCAP/Vishay/view-part/?ref=snap"; VariantName = "[No Variations]"
Add component (AddParameter): Name = "Value"; Value = ""; VariantName = "[No Variations]"
Added Component: Designator=C18(CAPC1608X94N)
Add component (AddParameter): Name = "Check_prices"; Value = "https://www.snapeda.com/parts/VJ0603D3R9DXCAP/Vishay/view-part/?ref=eda"; VariantName = "[No Variations]"
Add component (AddParameter): Name = "MF"; Value = "Vishay Vitramon"; VariantName = "[No Variations]"
Add component (AddParameter): Name = "MP"; Value = "VJ0603D3R9DXCAP"; VariantName = "[No Variations]"
Add component (AddParameter): Name = "Package"; Value = "1608 Vishay Vitramon"; VariantName = "[No Variations]"
Add component (AddParameter): Name = "SnapEDA_Link"; Value = "https://www.snapeda.com/parts/VJ0603D3R9DXCAP/Vishay/view-part/?ref=snap"; VariantName = "[No Variations]"
Add component (AddParameter): Name = "Value"; Value = ""; VariantName = "[No Variations]"
Added Component: Designator=C19(CAPC1608X94N)
Add component (AddParameter): Name = "Check_prices"; Value = "https://www.snapeda.com/parts/VJ0603D3R9DXCAP/Vishay/view-part/?ref=eda"; VariantName = "[No Variations]"
Add component (AddParameter): Name = "MF"; Value = "Vishay Vitramon"; VariantName = "[No Variations]"
Add component (AddParameter): Name = "MP"; Value = "VJ0603D3R9DXCAP"; VariantName = "[No Variations]"
Add component (AddParameter): Name = "Package"; Value = "1608 Vishay Vitramon"; VariantName = "[No Variations]"
Add component (AddParameter): Name = "SnapEDA_Link"; Value = "https://www.snapeda.com/parts/VJ0603D3R9DXCAP/Vishay/view-part/?ref=snap"; VariantName = "[No Variations]"
Add component (AddParameter): Name = "Value"; Value = ""; VariantName = "[No Variations]"
Added Component: Designator=C20(CAPC1608X94N)
Add component (AddParameter): Name = "Check_prices"; Value = "https://www.snapeda.com/parts/VJ0603D3R9DXCAP/Vishay/view-part/?ref=eda"; VariantName = "[No Variations]"
Add component (AddParameter): Name = "MF"; Value = "Vishay Vitramon"; VariantName = "[No Variations]"
Add component (AddParameter): Name = "MP"; Value = "VJ0603D3R9DXCAP"; VariantName = "[No Variations]"
Add component (AddParameter): Name = "Package"; Value = "1608 Vishay Vitramon"; VariantName = "[No Variations]"
Add component (AddParameter): Name = "SnapEDA_Link"; Value = "https://www.snapeda.com/parts/VJ0603D3R9DXCAP/Vishay/view-part/?ref=snap"; VariantName = "[No Variations]"
Add component (AddParameter): Name = "Value"; Value = ""; VariantName = "[No Variations]"
Added Component: Designator=C21(CAPC1608X94N)
Add component (AddParameter): Name = "Check_prices"; Value = "https://www.snapeda.com/parts/VJ0603D3R9DXCAP/Vishay/view-part/?ref=eda"; VariantName = "[No Variations]"
Add component (AddParameter): Name = "MF"; Value = "Vishay Vitramon"; VariantName = "[No Variations]"
Add component (AddParameter): Name = "MP"; Value = "VJ0603D3R9DXCAP"; VariantName = "[No Variations]"
Add component (AddParameter): Name = "Package"; Value = "1608 Vishay Vitramon"; VariantName = "[No Variations]"
Add component (AddParameter): Name = "SnapEDA_Link"; Value = "https://www.snapeda.com/parts/VJ0603D3R9DXCAP/Vishay/view-part/?ref=snap"; VariantName = "[No Variations]"
Add component (AddParameter): Name = "Value"; Value = ""; VariantName = "[No Variations]"
Added Component: Designator=C22(CAPC1608X94N)
Add component (AddParameter): Name = "Check_prices"; Value = "https://www.snapeda.com/parts/VJ0603D3R9DXCAP/Vishay/view-part/?ref=eda"; VariantName = "[No Variations]"
Add component (AddParameter): Name = "MF"; Value = "Vishay Vitramon"; VariantName = "[No Variations]"
Add component (AddParameter): Name = "MP"; Value = "VJ0603D3R9DXCAP"; VariantName = "[No Variations]"
Add component (AddParameter): Name = "Package"; Value = "1608 Vishay Vitramon"; VariantName = "[No Variations]"
Add component (AddParameter): Name = "SnapEDA_Link"; Value = "https://www.snapeda.com/parts/VJ0603D3R9DXCAP/Vishay/view-part/?ref=snap"; VariantName = "[No Variations]"
Add component (AddParameter): Name = "Value"; Value = ""; VariantName = "[No Variations]"
Added Component: Designator=C23(CAPC1608X94N)
Add component (AddParameter): Name = "Check_prices"; Value = "https://www.snapeda.com/parts/VJ0603D3R9DXCAP/Vishay/view-part/?ref=eda"; VariantName = "[No Variations]"
Add component (AddParameter): Name = "MF"; Value = "Vishay Vitramon"; VariantName = "[No Variations]"
Add component (AddParameter): Name = "MP"; Value = "VJ0603D3R9DXCAP"; VariantName = "[No Variations]"
Add component (AddParameter): Name = "Package"; Value = "1608 Vishay Vitramon"; VariantName = "[No Variations]"
Add component (AddParameter): Name = "SnapEDA_Link"; Value = "https://www.snapeda.com/parts/VJ0603D3R9DXCAP/Vishay/view-part/?ref=snap"; VariantName = "[No Variations]"
Add component (AddParameter): Name = "Value"; Value = ""; VariantName = "[No Variations]"
Added Component: Designator=C24(CAPC1608X94N)
Add component (AddParameter): Name = "Check_prices"; Value = "https://www.snapeda.com/parts/VJ0603D3R9DXCAP/Vishay/view-part/?ref=eda"; VariantName = "[No Variations]"
Add component (AddParameter): Name = "MF"; Value = "Vishay Vitramon"; VariantName = "[No Variations]"
Add component (AddParameter): Name = "MP"; Value = "VJ0603D3R9DXCAP"; VariantName = "[No Variations]"
Add component (AddParameter): Name = "Package"; Value = "1608 Vishay Vitramon"; VariantName = "[No Variations]"
Add component (AddParameter): Name = "SnapEDA_Link"; Value = "https://www.snapeda.com/parts/VJ0603D3R9DXCAP/Vishay/view-part/?ref=snap"; VariantName = "[No Variations]"
Add component (AddParameter): Name = "Value"; Value = ""; VariantName = "[No Variations]"
Added Component: Designator=C25(CAPC1608X94N)
Add component (AddParameter): Name = "Check_prices"; Value = "https://www.snapeda.com/parts/VJ0603D3R9DXCAP/Vishay/view-part/?ref=eda"; VariantName = "[No Variations]"
Add component (AddParameter): Name = "MF"; Value = "Vishay Vitramon"; VariantName = "[No Variations]"
Add component (AddParameter): Name = "MP"; Value = "VJ0603D3R9DXCAP"; VariantName = "[No Variations]"
Add component (AddParameter): Name = "Package"; Value = "1608 Vishay Vitramon"; VariantName = "[No Variations]"
Add component (AddParameter): Name = "SnapEDA_Link"; Value = "https://www.snapeda.com/parts/VJ0603D3R9DXCAP/Vishay/view-part/?ref=snap"; VariantName = "[No Variations]"
Add component (AddParameter): Name = "Value"; Value = ""; VariantName = "[No Variations]"
Added Component: Designator=C26(CAPC1608X94N)
Add component (AddParameter): Name = "Check_prices"; Value = "https://www.snapeda.com/parts/VJ0603D3R9DXCAP/Vishay/view-part/?ref=eda"; VariantName = "[No Variations]"
Add component (AddParameter): Name = "MF"; Value = "Vishay Vitramon"; VariantName = "[No Variations]"
Add component (AddParameter): Name = "MP"; Value = "VJ0603D3R9DXCAP"; VariantName = "[No Variations]"
Add component (AddParameter): Name = "Package"; Value = "1608 Vishay Vitramon"; VariantName = "[No Variations]"
Add component (AddParameter): Name = "SnapEDA_Link"; Value = "https://www.snapeda.com/parts/VJ0603D3R9DXCAP/Vishay/view-part/?ref=snap"; VariantName = "[No Variations]"
Add component (AddParameter): Name = "Value"; Value = ""; VariantName = "[No Variations]"
Added Component: Designator=C27(CAPC1608X94N)
Add component (AddParameter): Name = "Check_prices"; Value = "https://www.snapeda.com/parts/VJ0603D3R9DXCAP/Vishay/view-part/?ref=eda"; VariantName = "[No Variations]"
Add component (AddParameter): Name = "MF"; Value = "Vishay Vitramon"; VariantName = "[No Variations]"
Add component (AddParameter): Name = "MP"; Value = "VJ0603D3R9DXCAP"; VariantName = "[No Variations]"
Add component (AddParameter): Name = "Package"; Value = "1608 Vishay Vitramon"; VariantName = "[No Variations]"
Add component (AddParameter): Name = "SnapEDA_Link"; Value = "https://www.snapeda.com/parts/VJ0603D3R9DXCAP/Vishay/view-part/?ref=snap"; VariantName = "[No Variations]"
Add component (AddParameter): Name = "Value"; Value = ""; VariantName = "[No Variations]"
Added Component: Designator=D1(DIOM5126X229N)
Add component (AddParameter): Name = "Check_prices"; Value = "https://www.snapeda.com/parts/B340A-E3/61T/Vishay/view-part/?ref=eda"; VariantName = "[No Variations]"
Add component (AddParameter): Name = "MF"; Value = "Vishay Semiconductor"; VariantName = "[No Variations]"
Add component (AddParameter): Name = "MP"; Value = "B340A-E3/61T"; VariantName = "[No Variations]"
Add component (AddParameter): Name = "Package"; Value = "DO-214 Vishay Semiconductor"; VariantName = "[No Variations]"
Add component (AddParameter): Name = "SnapEDA_Link"; Value = "https://www.snapeda.com/parts/B340A-E3/61T/Vishay/view-part/?ref=snap"; VariantName = "[No Variations]"
Add component (AddParameter): Name = "Value"; Value = ""; VariantName = "[No Variations]"
Added Component: Designator=D2(DIOM4336X265N)
Add component (AddParameter): Name = "Availability"; Value = "Unavailable"; VariantName = "[No Variations]"
Add component (AddParameter): Name = "MF"; Value = "{'manufacturer': u'Diodes Incorporated'}"; VariantName = "[No Variations]"
Add component (AddParameter): Name = "MP"; Value = "SMBJ10CA-13-F"; VariantName = "[No Variations]"
Add component (AddParameter): Name = "Package"; Value = "None"; VariantName = "[No Variations]"
Add component (AddParameter): Name = "Price"; Value = "None"; VariantName = "[No Variations]"
Add component (AddParameter): Name = "Value"; Value = ""; VariantName = "[No Variations]"
Added Component: Designator=D3(DIOM4336X265N)
Add component (AddParameter): Name = "Availability"; Value = "Unavailable"; VariantName = "[No Variations]"
Add component (AddParameter): Name = "MF"; Value = "{'manufacturer': u'Diodes Incorporated'}"; VariantName = "[No Variations]"
Add component (AddParameter): Name = "MP"; Value = "SMBJ10CA-13-F"; VariantName = "[No Variations]"
Add component (AddParameter): Name = "Package"; Value = "None"; VariantName = "[No Variations]"
Add component (AddParameter): Name = "Price"; Value = "None"; VariantName = "[No Variations]"
Add component (AddParameter): Name = "Value"; Value = ""; VariantName = "[No Variations]"
Added Component: Designator=D4(SOT23)
Add component (AddParameter): Name = "Check_prices"; Value = "https://www.snapeda.com/parts/SM712-02HTG/Littelfuse/view-part/?ref=eda"; VariantName = "[No Variations]"
Add component (AddParameter): Name = "MF"; Value = "Littelfuse Inc."; VariantName = "[No Variations]"
Add component (AddParameter): Name = "MP"; Value = "SM712-02HTG"; VariantName = "[No Variations]"
Add component (AddParameter): Name = "Package"; Value = "SOT-23 Littelfuse Inc."; VariantName = "[No Variations]"
Add component (AddParameter): Name = "SnapEDA_Link"; Value = "https://www.snapeda.com/parts/SM712-02HTG/Littelfuse/view-part/?ref=snap"; VariantName = "[No Variations]"
Add component (AddParameter): Name = "Value"; Value = ""; VariantName = "[No Variations]"
Added Component: Designator=D5(DIOM4336X265N)
Add component (AddParameter): Name = "Availability"; Value = "Unavailable"; VariantName = "[No Variations]"
Add component (AddParameter): Name = "MF"; Value = "{'manufacturer': u'Diodes Incorporated'}"; VariantName = "[No Variations]"
Add component (AddParameter): Name = "MP"; Value = "SMBJ10CA-13-F"; VariantName = "[No Variations]"
Add component (AddParameter): Name = "Package"; Value = "None"; VariantName = "[No Variations]"
Add component (AddParameter): Name = "Price"; Value = "None"; VariantName = "[No Variations]"
Add component (AddParameter): Name = "Value"; Value = ""; VariantName = "[No Variations]"
Added Component: Designator=D6(DIOM4336X265N)
Add component (AddParameter): Name = "Availability"; Value = "Unavailable"; VariantName = "[No Variations]"
Add component (AddParameter): Name = "MF"; Value = "{'manufacturer': u'Diodes Incorporated'}"; VariantName = "[No Variations]"
Add component (AddParameter): Name = "MP"; Value = "SMBJ10CA-13-F"; VariantName = "[No Variations]"
Add component (AddParameter): Name = "Package"; Value = "None"; VariantName = "[No Variations]"
Add component (AddParameter): Name = "Price"; Value = "None"; VariantName = "[No Variations]"
Add component (AddParameter): Name = "Value"; Value = ""; VariantName = "[No Variations]"
Added Component: Designator=D7(SOT23)
Add component (AddParameter): Name = "Check_prices"; Value = "https://www.snapeda.com/parts/SM712-02HTG/Littelfuse/view-part/?ref=eda"; VariantName = "[No Variations]"
Add component (AddParameter): Name = "MF"; Value = "Littelfuse Inc."; VariantName = "[No Variations]"
Add component (AddParameter): Name = "MP"; Value = "SM712-02HTG"; VariantName = "[No Variations]"
Add component (AddParameter): Name = "Package"; Value = "SOT-23 Littelfuse Inc."; VariantName = "[No Variations]"
Add component (AddParameter): Name = "SnapEDA_Link"; Value = "https://www.snapeda.com/parts/SM712-02HTG/Littelfuse/view-part/?ref=snap"; VariantName = "[No Variations]"
Add component (AddParameter): Name = "Value"; Value = ""; VariantName = "[No Variations]"
Added Component: Designator=D8(DIOM4336X265N)
Add component (AddParameter): Name = "Availability"; Value = "Unavailable"; VariantName = "[No Variations]"
Add component (AddParameter): Name = "MF"; Value = "{'manufacturer': u'Diodes Incorporated'}"; VariantName = "[No Variations]"
Add component (AddParameter): Name = "MP"; Value = "SMBJ10CA-13-F"; VariantName = "[No Variations]"
Add component (AddParameter): Name = "Package"; Value = "None"; VariantName = "[No Variations]"
Add component (AddParameter): Name = "Price"; Value = "None"; VariantName = "[No Variations]"
Add component (AddParameter): Name = "Value"; Value = ""; VariantName = "[No Variations]"
Added Component: Designator=D9(DIOM4336X265N)
Add component (AddParameter): Name = "Availability"; Value = "Unavailable"; VariantName = "[No Variations]"
Add component (AddParameter): Name = "MF"; Value = "{'manufacturer': u'Diodes Incorporated'}"; VariantName = "[No Variations]"
Add component (AddParameter): Name = "MP"; Value = "SMBJ10CA-13-F"; VariantName = "[No Variations]"
Add component (AddParameter): Name = "Package"; Value = "None"; VariantName = "[No Variations]"
Add component (AddParameter): Name = "Price"; Value = "None"; VariantName = "[No Variations]"
Add component (AddParameter): Name = "Value"; Value = ""; VariantName = "[No Variations]"
Added Component: Designator=F1(Fuse_thermal)
Added Component: Designator=F2(Fuse_thermal)
Added Component: Designator=F3(Fuse_thermal)
Added Component: Designator=F4(Fuse_thermal)
Added Component: Designator=J1(TypeC_12pin_12402012E212A)
Add component (AddParameter): Name = "Availability"; Value = "In Stock"; VariantName = "[No Variations]"
Add component (AddParameter): Name = "Check_prices"; Value = "https://www.snapeda.com/parts/12402012E212A/Amphenol/view-part/?ref=eda"; VariantName = "[No Variations]"
Add component (AddParameter): Name = "MF"; Value = "Amphenol ICC (Commercial Products)"; VariantName = "[No Variations]"
Add component (AddParameter): Name = "MP"; Value = "12402012E212A"; VariantName = "[No Variations]"
Add component (AddParameter): Name = "Package"; Value = "None"; VariantName = "[No Variations]"
Add component (AddParameter): Name = "Price"; Value = "None"; VariantName = "[No Variations]"
Add component (AddParameter): Name = "Purchase-URL"; Value = "https://pricing.snapeda.com/search/part/12402012E212A/?ref=eda"; VariantName = "[No Variations]"
Add component (AddParameter): Name = "SnapEDA_Link"; Value = "https://www.snapeda.com/parts/12402012E212A/Amphenol/view-part/?ref=snap"; VariantName = "[No Variations]"
Add component (AddParameter): Name = "Value"; Value = ""; VariantName = "[No Variations]"
Added Component: Designator=J2(HUBER+SUHNER_82_SMA-50-0-41/133_NE)
Add component (AddParameter): Name = "Check_prices"; Value = "https://www.snapeda.com/parts/82_SMA-50-0-41/133_NE/Huber%252BSuhner/view-part/?ref=eda"; VariantName = "[No Variations]"
Add component (AddParameter): Name = "MF"; Value = "HUBER+SUHNER"; VariantName = "[No Variations]"
Add component (AddParameter): Name = "MP"; Value = "82_SMA-50-0-41/133_NE"; VariantName = "[No Variations]"
Add component (AddParameter): Name = "Package"; Value = "None"; VariantName = "[No Variations]"
Add component (AddParameter): Name = "SnapEDA_Link"; Value = "https://www.snapeda.com/parts/82_SMA-50-0-41/133_NE/Huber%252BSuhner/view-part/?ref=snap"; VariantName = "[No Variations]"
Add component (AddParameter): Name = "Value"; Value = ""; VariantName = "[No Variations]"
Added Component: Designator=J3(CUI_TBP02R1-381-04BE)
Add component (AddParameter): Name = "Check_prices"; Value = "https://www.snapeda.com/parts/TBP02R1-381-04BE/Same+Sky/view-part/?ref=eda"; VariantName = "[No Variations]"
Add component (AddParameter): Name = "MF"; Value = "Same Sky"; VariantName = "[No Variations]"
Add component (AddParameter): Name = "MP"; Value = "TBP02R1-381-04BE"; VariantName = "[No Variations]"
Add component (AddParameter): Name = "Package"; Value = "None"; VariantName = "[No Variations]"
Add component (AddParameter): Name = "SnapEDA_Link"; Value = "https://www.snapeda.com/parts/TBP02R1-381-04BE/Same+Sky/view-part/?ref=snap"; VariantName = "[No Variations]"
Add component (AddParameter): Name = "Value"; Value = ""; VariantName = "[No Variations]"
Added Component: Designator=J4(CUI_TBP02R1-381-09BE)
Add component (AddParameter): Name = "Check_prices"; Value = "https://www.snapeda.com/parts/TBP02R1-381-09BE/Same+Sky/view-part/?ref=eda"; VariantName = "[No Variations]"
Add component (AddParameter): Name = "MF"; Value = "Same Sky"; VariantName = "[No Variations]"
Add component (AddParameter): Name = "MP"; Value = "TBP02R1-381-09BE"; VariantName = "[No Variations]"
Add component (AddParameter): Name = "Package"; Value = "None"; VariantName = "[No Variations]"
Add component (AddParameter): Name = "SnapEDA_Link"; Value = "https://www.snapeda.com/parts/TBP02R1-381-09BE/Same+Sky/view-part/?ref=snap"; VariantName = "[No Variations]"
Add component (AddParameter): Name = "Value"; Value = ""; VariantName = "[No Variations]"
Added Component: Designator=J5(CUI_TBP02R1-381-03BE)
Add component (AddParameter): Name = "Check_prices"; Value = "https://www.snapeda.com/parts/TBP02R1-381-03BE/Same+Sky/view-part/?ref=eda"; VariantName = "[No Variations]"
Add component (AddParameter): Name = "MF"; Value = "Same Sky"; VariantName = "[No Variations]"
Add component (AddParameter): Name = "MP"; Value = "TBP02R1-381-03BE"; VariantName = "[No Variations]"
Add component (AddParameter): Name = "Package"; Value = "None"; VariantName = "[No Variations]"
Add component (AddParameter): Name = "SnapEDA_Link"; Value = "https://www.snapeda.com/parts/TBP02R1-381-03BE/Same+Sky/view-part/?ref=snap"; VariantName = "[No Variations]"
Add component (AddParameter): Name = "Value"; Value = ""; VariantName = "[No Variations]"
Added Component: Designator=J6(CUI_TBP02R1-381-03BE)
Add component (AddParameter): Name = "Check_prices"; Value = "https://www.snapeda.com/parts/TBP02R1-381-03BE/Same+Sky/view-part/?ref=eda"; VariantName = "[No Variations]"
Add component (AddParameter): Name = "MF"; Value = "Same Sky"; VariantName = "[No Variations]"
Add component (AddParameter): Name = "MP"; Value = "TBP02R1-381-03BE"; VariantName = "[No Variations]"
Add component (AddParameter): Name = "Package"; Value = "None"; VariantName = "[No Variations]"
Add component (AddParameter): Name = "SnapEDA_Link"; Value = "https://www.snapeda.com/parts/TBP02R1-381-03BE/Same+Sky/view-part/?ref=snap"; VariantName = "[No Variations]"
Add component (AddParameter): Name = "Value"; Value = ""; VariantName = "[No Variations]"
Added Component: Designator=J7(GPIO_INTERFACE)
Added Component: Designator=J8(CONN_SD-39511-001_10P_MOL)
Add component (AddParameter): Name = "Check_prices"; Value = "https://www.snapeda.com/parts/395111010/Molex/view-part/?ref=eda"; VariantName = "[No Variations]"
Add component (AddParameter): Name = "MF"; Value = "Molex"; VariantName = "[No Variations]"
Add component (AddParameter): Name = "MP"; Value = "395111010"; VariantName = "[No Variations]"
Add component (AddParameter): Name = "Package"; Value = "None"; VariantName = "[No Variations]"
Add component (AddParameter): Name = "SnapEDA_Link"; Value = "https://www.snapeda.com/parts/395111010/Molex/view-part/?ref=snap"; VariantName = "[No Variations]"
Add component (AddParameter): Name = "Value"; Value = ""; VariantName = "[No Variations]"
Added Component: Designator=J9(CUI_TBP02R1-381-10BE)
Add component (AddParameter): Name = "Check_prices"; Value = "https://www.snapeda.com/parts/TBP02R1-381-10BE/Same+Sky/view-part/?ref=eda"; VariantName = "[No Variations]"
Add component (AddParameter): Name = "MF"; Value = "Same Sky"; VariantName = "[No Variations]"
Add component (AddParameter): Name = "MP"; Value = "TBP02R1-381-10BE"; VariantName = "[No Variations]"
Add component (AddParameter): Name = "Package"; Value = "None"; VariantName = "[No Variations]"
Add component (AddParameter): Name = "SnapEDA_Link"; Value = "https://www.snapeda.com/parts/TBP02R1-381-10BE/Same+Sky/view-part/?ref=snap"; VariantName = "[No Variations]"
Add component (AddParameter): Name = "Value"; Value = ""; VariantName = "[No Variations]"
Added Component: Designator=J10(CONN_SD-39511-001_10P_MOL)
Add component (AddParameter): Name = "Check_prices"; Value = "https://www.snapeda.com/parts/395111010/Molex/view-part/?ref=eda"; VariantName = "[No Variations]"
Add component (AddParameter): Name = "MF"; Value = "Molex"; VariantName = "[No Variations]"
Add component (AddParameter): Name = "MP"; Value = "395111010"; VariantName = "[No Variations]"
Add component (AddParameter): Name = "Package"; Value = "None"; VariantName = "[No Variations]"
Add component (AddParameter): Name = "SnapEDA_Link"; Value = "https://www.snapeda.com/parts/395111010/Molex/view-part/?ref=snap"; VariantName = "[No Variations]"
Add component (AddParameter): Name = "Value"; Value = ""; VariantName = "[No Variations]"
Added Component: Designator=J11(CUI_TBP02R1-381-10BE)
Add component (AddParameter): Name = "Check_prices"; Value = "https://www.snapeda.com/parts/TBP02R1-381-10BE/Same+Sky/view-part/?ref=eda"; VariantName = "[No Variations]"
Add component (AddParameter): Name = "MF"; Value = "Same Sky"; VariantName = "[No Variations]"
Add component (AddParameter): Name = "MP"; Value = "TBP02R1-381-10BE"; VariantName = "[No Variations]"
Add component (AddParameter): Name = "Package"; Value = "None"; VariantName = "[No Variations]"
Add component (AddParameter): Name = "SnapEDA_Link"; Value = "https://www.snapeda.com/parts/TBP02R1-381-10BE/Same+Sky/view-part/?ref=snap"; VariantName = "[No Variations]"
Add component (AddParameter): Name = "Value"; Value = ""; VariantName = "[No Variations]"
Added Component: Designator=L_PWR1(WL-SMCW_1206)
Add component (AddParameter): Name = "Check_prices"; Value = "https://www.snapeda.com/parts/150120BS75000/Wurth+Electronics/view-part/?ref=eda"; VariantName = "[No Variations]"
Add component (AddParameter): Name = "MF"; Value = "Wurth Electronics"; VariantName = "[No Variations]"
Add component (AddParameter): Name = "MP"; Value = "150120BS75000"; VariantName = "[No Variations]"
Add component (AddParameter): Name = "Package"; Value = "1206 Wurth Electronics"; VariantName = "[No Variations]"
Add component (AddParameter): Name = "SnapEDA_Link"; Value = "https://www.snapeda.com/parts/150120BS75000/Wurth+Electronics/view-part/?ref=snap"; VariantName = "[No Variations]"
Add component (AddParameter): Name = "Value"; Value = ""; VariantName = "[No Variations]"
Added Component: Designator=L_RXD1(WL-SMCW_1206)
Add component (AddParameter): Name = "Check_prices"; Value = "https://www.snapeda.com/parts/150120BS75000/Wurth+Electronics/view-part/?ref=eda"; VariantName = "[No Variations]"
Add component (AddParameter): Name = "MF"; Value = "Wurth Electronics"; VariantName = "[No Variations]"
Add component (AddParameter): Name = "MP"; Value = "150120BS75000"; VariantName = "[No Variations]"
Add component (AddParameter): Name = "Package"; Value = "1206 Wurth Electronics"; VariantName = "[No Variations]"
Add component (AddParameter): Name = "SnapEDA_Link"; Value = "https://www.snapeda.com/parts/150120BS75000/Wurth+Electronics/view-part/?ref=snap"; VariantName = "[No Variations]"
Add component (AddParameter): Name = "Value"; Value = ""; VariantName = "[No Variations]"
Added Component: Designator=L_TXD1(WL-SMCW_1206)
Add component (AddParameter): Name = "Check_prices"; Value = "https://www.snapeda.com/parts/150120BS75000/Wurth+Electronics/view-part/?ref=eda"; VariantName = "[No Variations]"
Add component (AddParameter): Name = "MF"; Value = "Wurth Electronics"; VariantName = "[No Variations]"
Add component (AddParameter): Name = "MP"; Value = "150120BS75000"; VariantName = "[No Variations]"
Add component (AddParameter): Name = "Package"; Value = "1206 Wurth Electronics"; VariantName = "[No Variations]"
Add component (AddParameter): Name = "SnapEDA_Link"; Value = "https://www.snapeda.com/parts/150120BS75000/Wurth+Electronics/view-part/?ref=snap"; VariantName = "[No Variations]"
Add component (AddParameter): Name = "Value"; Value = ""; VariantName = "[No Variations]"
Added Component: Designator=P1(HDR2X4)
Add component (AddParameter): Name = "LatestRevisionDate"; Value = "17-Jul-2002"; VariantName = "[No Variations]"
Add component (AddParameter): Name = "LatestRevisionNote"; Value = "Re-released for DXP Platform."; VariantName = "[No Variations]"
Add component (AddParameter): Name = "Publisher"; Value = "Altium Limited"; VariantName = "[No Variations]"
Added Component: Designator=P2(HDR2X2)
Add component (AddParameter): Name = "LatestRevisionDate"; Value = "17-Jul-2002"; VariantName = "[No Variations]"
Add component (AddParameter): Name = "LatestRevisionNote"; Value = "Re-released for DXP Platform."; VariantName = "[No Variations]"
Add component (AddParameter): Name = "Publisher"; Value = "Altium Limited"; VariantName = "[No Variations]"
Added Component: Designator=P3(HDR1X3)
Add component (AddParameter): Name = "LatestRevisionDate"; Value = "17-Jul-2002"; VariantName = "[No Variations]"
Add component (AddParameter): Name = "LatestRevisionNote"; Value = "Re-released for DXP Platform."; VariantName = "[No Variations]"
Add component (AddParameter): Name = "Publisher"; Value = "Altium Limited"; VariantName = "[No Variations]"
Added Component: Designator=P4(HDR1X3)
Add component (AddParameter): Name = "LatestRevisionDate"; Value = "17-Jul-2002"; VariantName = "[No Variations]"
Add component (AddParameter): Name = "LatestRevisionNote"; Value = "Re-released for DXP Platform."; VariantName = "[No Variations]"
Add component (AddParameter): Name = "Publisher"; Value = "Altium Limited"; VariantName = "[No Variations]"
Added Component: Designator=P5(HDR1X3)
Add component (AddParameter): Name = "LatestRevisionDate"; Value = "17-Jul-2002"; VariantName = "[No Variations]"
Add component (AddParameter): Name = "LatestRevisionNote"; Value = "Re-released for DXP Platform."; VariantName = "[No Variations]"
Add component (AddParameter): Name = "Publisher"; Value = "Altium Limited"; VariantName = "[No Variations]"
Added Component: Designator=P6(HDR1X3)
Add component (AddParameter): Name = "LatestRevisionDate"; Value = "17-Jul-2002"; VariantName = "[No Variations]"
Add component (AddParameter): Name = "LatestRevisionNote"; Value = "Re-released for DXP Platform."; VariantName = "[No Variations]"
Add component (AddParameter): Name = "Publisher"; Value = "Altium Limited"; VariantName = "[No Variations]"
Added Component: Designator=P7(HDR1X3)
Add component (AddParameter): Name = "LatestRevisionDate"; Value = "17-Jul-2002"; VariantName = "[No Variations]"
Add component (AddParameter): Name = "LatestRevisionNote"; Value = "Re-released for DXP Platform."; VariantName = "[No Variations]"
Add component (AddParameter): Name = "Publisher"; Value = "Altium Limited"; VariantName = "[No Variations]"
Added Component: Designator=P8(HDR1X3)
Add component (AddParameter): Name = "LatestRevisionDate"; Value = "17-Jul-2002"; VariantName = "[No Variations]"
Add component (AddParameter): Name = "LatestRevisionNote"; Value = "Re-released for DXP Platform."; VariantName = "[No Variations]"
Add component (AddParameter): Name = "Publisher"; Value = "Altium Limited"; VariantName = "[No Variations]"
Added Component: Designator=P9(HDR1X3)
Add component (AddParameter): Name = "LatestRevisionDate"; Value = "17-Jul-2002"; VariantName = "[No Variations]"
Add component (AddParameter): Name = "LatestRevisionNote"; Value = "Re-released for DXP Platform."; VariantName = "[No Variations]"
Add component (AddParameter): Name = "Publisher"; Value = "Altium Limited"; VariantName = "[No Variations]"
Added Component: Designator=P10(HDR1X3)
Add component (AddParameter): Name = "LatestRevisionDate"; Value = "17-Jul-2002"; VariantName = "[No Variations]"
Add component (AddParameter): Name = "LatestRevisionNote"; Value = "Re-released for DXP Platform."; VariantName = "[No Variations]"
Add component (AddParameter): Name = "Publisher"; Value = "Altium Limited"; VariantName = "[No Variations]"
Added Component: Designator=P11(HDR1X3)
Add component (AddParameter): Name = "LatestRevisionDate"; Value = "17-Jul-2002"; VariantName = "[No Variations]"
Add component (AddParameter): Name = "LatestRevisionNote"; Value = "Re-released for DXP Platform."; VariantName = "[No Variations]"
Add component (AddParameter): Name = "Publisher"; Value = "Altium Limited"; VariantName = "[No Variations]"
Added Component: Designator=P12(HDR1X3)
Add component (AddParameter): Name = "LatestRevisionDate"; Value = "17-Jul-2002"; VariantName = "[No Variations]"
Add component (AddParameter): Name = "LatestRevisionNote"; Value = "Re-released for DXP Platform."; VariantName = "[No Variations]"
Add component (AddParameter): Name = "Publisher"; Value = "Altium Limited"; VariantName = "[No Variations]"
Added Component: Designator=PS1(CONV_RFB-0505S)
Add component (AddParameter): Name = "Check_prices"; Value = "https://www.snapeda.com/parts/RFB-0505S/Recom+Power/view-part/?ref=eda"; VariantName = "[No Variations]"
Add component (AddParameter): Name = "MF"; Value = "Recom Power"; VariantName = "[No Variations]"
Add component (AddParameter): Name = "MP"; Value = "RFB-0505S"; VariantName = "[No Variations]"
Add component (AddParameter): Name = "Package"; Value = "SIP-6 Recom Power"; VariantName = "[No Variations]"
Add component (AddParameter): Name = "SnapEDA_Link"; Value = "https://www.snapeda.com/parts/RFB-0505S/Recom+Power/view-part/?ref=snap"; VariantName = "[No Variations]"
Add component (AddParameter): Name = "Value"; Value = ""; VariantName = "[No Variations]"
Added Component: Designator=Q1(TRANS_MMBT3904)
Add component (AddParameter): Name = "Check_prices"; Value = "https://www.snapeda.com/parts/MMBT3904/Diotec/view-part/?ref=eda"; VariantName = "[No Variations]"
Add component (AddParameter): Name = "MF"; Value = "Diotec Semiconductor"; VariantName = "[No Variations]"
Add component (AddParameter): Name = "MP"; Value = "MMBT3904"; VariantName = "[No Variations]"
Add component (AddParameter): Name = "Package"; Value = "SOT-23 Diotec"; VariantName = "[No Variations]"
Add component (AddParameter): Name = "SnapEDA_Link"; Value = "https://www.snapeda.com/parts/MMBT3904/Diotec/view-part/?ref=snap"; VariantName = "[No Variations]"
Add component (AddParameter): Name = "Value"; Value = ""; VariantName = "[No Variations]"
Added Component: Designator=Q2(TRANS_MMBT3904)
Add component (AddParameter): Name = "Check_prices"; Value = "https://www.snapeda.com/parts/MMBT3904/Diotec/view-part/?ref=eda"; VariantName = "[No Variations]"
Add component (AddParameter): Name = "MF"; Value = "Diotec Semiconductor"; VariantName = "[No Variations]"
Add component (AddParameter): Name = "MP"; Value = "MMBT3904"; VariantName = "[No Variations]"
Add component (AddParameter): Name = "Package"; Value = "SOT-23 Diotec"; VariantName = "[No Variations]"
Add component (AddParameter): Name = "SnapEDA_Link"; Value = "https://www.snapeda.com/parts/MMBT3904/Diotec/view-part/?ref=snap"; VariantName = "[No Variations]"
Add component (AddParameter): Name = "Value"; Value = ""; VariantName = "[No Variations]"
Added Component: Designator=R1(RES_ERJU03J474V)
Add component (AddParameter): Name = "Check_prices"; Value = "https://www.snapeda.com/parts/ERJU03J474V/Panasonic/view-part/?ref=eda"; VariantName = "[No Variations]"
Add component (AddParameter): Name = "MF"; Value = "Panasonic"; VariantName = "[No Variations]"
Add component (AddParameter): Name = "MP"; Value = "ERJU03J474V"; VariantName = "[No Variations]"
Add component (AddParameter): Name = "Package"; Value = "1608-2 Panasonic"; VariantName = "[No Variations]"
Add component (AddParameter): Name = "SnapEDA_Link"; Value = "https://www.snapeda.com/parts/ERJU03J474V/Panasonic/view-part/?ref=snap"; VariantName = "[No Variations]"
Add component (AddParameter): Name = "Value"; Value = ""; VariantName = "[No Variations]"
Added Component: Designator=R2(RES_ERJU03J474V)
Add component (AddParameter): Name = "Check_prices"; Value = "https://www.snapeda.com/parts/ERJU03J474V/Panasonic/view-part/?ref=eda"; VariantName = "[No Variations]"
Add component (AddParameter): Name = "MF"; Value = "Panasonic"; VariantName = "[No Variations]"
Add component (AddParameter): Name = "MP"; Value = "ERJU03J474V"; VariantName = "[No Variations]"
Add component (AddParameter): Name = "Package"; Value = "1608-2 Panasonic"; VariantName = "[No Variations]"
Add component (AddParameter): Name = "SnapEDA_Link"; Value = "https://www.snapeda.com/parts/ERJU03J474V/Panasonic/view-part/?ref=snap"; VariantName = "[No Variations]"
Add component (AddParameter): Name = "Value"; Value = ""; VariantName = "[No Variations]"
Added Component: Designator=R3(RES_ERJU03J474V)
Add component (AddParameter): Name = "Check_prices"; Value = "https://www.snapeda.com/parts/ERJU03J474V/Panasonic/view-part/?ref=eda"; VariantName = "[No Variations]"
Add component (AddParameter): Name = "MF"; Value = "Panasonic"; VariantName = "[No Variations]"
Add component (AddParameter): Name = "MP"; Value = "ERJU03J474V"; VariantName = "[No Variations]"
Add component (AddParameter): Name = "Package"; Value = "1608-2 Panasonic"; VariantName = "[No Variations]"
Add component (AddParameter): Name = "SnapEDA_Link"; Value = "https://www.snapeda.com/parts/ERJU03J474V/Panasonic/view-part/?ref=snap"; VariantName = "[No Variations]"
Add component (AddParameter): Name = "Value"; Value = ""; VariantName = "[No Variations]"
Added Component: Designator=R4(RES_ERJU03J474V)
Add component (AddParameter): Name = "Check_prices"; Value = "https://www.snapeda.com/parts/ERJU03J474V/Panasonic/view-part/?ref=eda"; VariantName = "[No Variations]"
Add component (AddParameter): Name = "MF"; Value = "Panasonic"; VariantName = "[No Variations]"
Add component (AddParameter): Name = "MP"; Value = "ERJU03J474V"; VariantName = "[No Variations]"
Add component (AddParameter): Name = "Package"; Value = "1608-2 Panasonic"; VariantName = "[No Variations]"
Add component (AddParameter): Name = "SnapEDA_Link"; Value = "https://www.snapeda.com/parts/ERJU03J474V/Panasonic/view-part/?ref=snap"; VariantName = "[No Variations]"
Add component (AddParameter): Name = "Value"; Value = ""; VariantName = "[No Variations]"
Added Component: Designator=R5(RES_ERJU03J474V)
Add component (AddParameter): Name = "Check_prices"; Value = "https://www.snapeda.com/parts/ERJU03J474V/Panasonic/view-part/?ref=eda"; VariantName = "[No Variations]"
Add component (AddParameter): Name = "MF"; Value = "Panasonic"; VariantName = "[No Variations]"
Add component (AddParameter): Name = "MP"; Value = "ERJU03J474V"; VariantName = "[No Variations]"
Add component (AddParameter): Name = "Package"; Value = "1608-2 Panasonic"; VariantName = "[No Variations]"
Add component (AddParameter): Name = "SnapEDA_Link"; Value = "https://www.snapeda.com/parts/ERJU03J474V/Panasonic/view-part/?ref=snap"; VariantName = "[No Variations]"
Add component (AddParameter): Name = "Value"; Value = ""; VariantName = "[No Variations]"
Added Component: Designator=R6(RES_ERJU03J474V)
Add component (AddParameter): Name = "Check_prices"; Value = "https://www.snapeda.com/parts/ERJU03J474V/Panasonic/view-part/?ref=eda"; VariantName = "[No Variations]"
Add component (AddParameter): Name = "MF"; Value = "Panasonic"; VariantName = "[No Variations]"
Add component (AddParameter): Name = "MP"; Value = "ERJU03J474V"; VariantName = "[No Variations]"
Add component (AddParameter): Name = "Package"; Value = "1608-2 Panasonic"; VariantName = "[No Variations]"
Add component (AddParameter): Name = "SnapEDA_Link"; Value = "https://www.snapeda.com/parts/ERJU03J474V/Panasonic/view-part/?ref=snap"; VariantName = "[No Variations]"
Add component (AddParameter): Name = "Value"; Value = ""; VariantName = "[No Variations]"
Added Component: Designator=R7(RES_ERJU03J474V)
Add component (AddParameter): Name = "Check_prices"; Value = "https://www.snapeda.com/parts/ERJU03J474V/Panasonic/view-part/?ref=eda"; VariantName = "[No Variations]"
Add component (AddParameter): Name = "MF"; Value = "Panasonic"; VariantName = "[No Variations]"
Add component (AddParameter): Name = "MP"; Value = "ERJU03J474V"; VariantName = "[No Variations]"
Add component (AddParameter): Name = "Package"; Value = "1608-2 Panasonic"; VariantName = "[No Variations]"
Add component (AddParameter): Name = "SnapEDA_Link"; Value = "https://www.snapeda.com/parts/ERJU03J474V/Panasonic/view-part/?ref=snap"; VariantName = "[No Variations]"
Add component (AddParameter): Name = "Value"; Value = ""; VariantName = "[No Variations]"
Added Component: Designator=R8(RES_ERJU03J474V)
Add component (AddParameter): Name = "Check_prices"; Value = "https://www.snapeda.com/parts/ERJU03J474V/Panasonic/view-part/?ref=eda"; VariantName = "[No Variations]"
Add component (AddParameter): Name = "MF"; Value = "Panasonic"; VariantName = "[No Variations]"
Add component (AddParameter): Name = "MP"; Value = "ERJU03J474V"; VariantName = "[No Variations]"
Add component (AddParameter): Name = "Package"; Value = "1608-2 Panasonic"; VariantName = "[No Variations]"
Add component (AddParameter): Name = "SnapEDA_Link"; Value = "https://www.snapeda.com/parts/ERJU03J474V/Panasonic/view-part/?ref=snap"; VariantName = "[No Variations]"
Add component (AddParameter): Name = "Value"; Value = ""; VariantName = "[No Variations]"
Added Component: Designator=R9(RES_ERJU03J474V)
Add component (AddParameter): Name = "Check_prices"; Value = "https://www.snapeda.com/parts/ERJU03J474V/Panasonic/view-part/?ref=eda"; VariantName = "[No Variations]"
Add component (AddParameter): Name = "MF"; Value = "Panasonic"; VariantName = "[No Variations]"
Add component (AddParameter): Name = "MP"; Value = "ERJU03J474V"; VariantName = "[No Variations]"
Add component (AddParameter): Name = "Package"; Value = "1608-2 Panasonic"; VariantName = "[No Variations]"
Add component (AddParameter): Name = "SnapEDA_Link"; Value = "https://www.snapeda.com/parts/ERJU03J474V/Panasonic/view-part/?ref=snap"; VariantName = "[No Variations]"
Add component (AddParameter): Name = "Value"; Value = ""; VariantName = "[No Variations]"
Added Component: Designator=R10(RES_ERJU03J474V)
Add component (AddParameter): Name = "Check_prices"; Value = "https://www.snapeda.com/parts/ERJU03J474V/Panasonic/view-part/?ref=eda"; VariantName = "[No Variations]"
Add component (AddParameter): Name = "MF"; Value = "Panasonic"; VariantName = "[No Variations]"
Add component (AddParameter): Name = "MP"; Value = "ERJU03J474V"; VariantName = "[No Variations]"
Add component (AddParameter): Name = "Package"; Value = "1608-2 Panasonic"; VariantName = "[No Variations]"
Add component (AddParameter): Name = "SnapEDA_Link"; Value = "https://www.snapeda.com/parts/ERJU03J474V/Panasonic/view-part/?ref=snap"; VariantName = "[No Variations]"
Add component (AddParameter): Name = "Value"; Value = ""; VariantName = "[No Variations]"
Added Component: Designator=R11(RES_ERJU03J474V)
Add component (AddParameter): Name = "Check_prices"; Value = "https://www.snapeda.com/parts/ERJU03J474V/Panasonic/view-part/?ref=eda"; VariantName = "[No Variations]"
Add component (AddParameter): Name = "MF"; Value = "Panasonic"; VariantName = "[No Variations]"
Add component (AddParameter): Name = "MP"; Value = "ERJU03J474V"; VariantName = "[No Variations]"
Add component (AddParameter): Name = "Package"; Value = "1608-2 Panasonic"; VariantName = "[No Variations]"
Add component (AddParameter): Name = "SnapEDA_Link"; Value = "https://www.snapeda.com/parts/ERJU03J474V/Panasonic/view-part/?ref=snap"; VariantName = "[No Variations]"
Add component (AddParameter): Name = "Value"; Value = ""; VariantName = "[No Variations]"
Added Component: Designator=R12(RES_ERJU03J474V)
Add component (AddParameter): Name = "Check_prices"; Value = "https://www.snapeda.com/parts/ERJU03J474V/Panasonic/view-part/?ref=eda"; VariantName = "[No Variations]"
Add component (AddParameter): Name = "MF"; Value = "Panasonic"; VariantName = "[No Variations]"
Add component (AddParameter): Name = "MP"; Value = "ERJU03J474V"; VariantName = "[No Variations]"
Add component (AddParameter): Name = "Package"; Value = "1608-2 Panasonic"; VariantName = "[No Variations]"
Add component (AddParameter): Name = "SnapEDA_Link"; Value = "https://www.snapeda.com/parts/ERJU03J474V/Panasonic/view-part/?ref=snap"; VariantName = "[No Variations]"
Add component (AddParameter): Name = "Value"; Value = ""; VariantName = "[No Variations]"
Added Component: Designator=R13(RES_ERJU03J474V)
Add component (AddParameter): Name = "Check_prices"; Value = "https://www.snapeda.com/parts/ERJU03J474V/Panasonic/view-part/?ref=eda"; VariantName = "[No Variations]"
Add component (AddParameter): Name = "MF"; Value = "Panasonic"; VariantName = "[No Variations]"
Add component (AddParameter): Name = "MP"; Value = "ERJU03J474V"; VariantName = "[No Variations]"
Add component (AddParameter): Name = "Package"; Value = "1608-2 Panasonic"; VariantName = "[No Variations]"
Add component (AddParameter): Name = "SnapEDA_Link"; Value = "https://www.snapeda.com/parts/ERJU03J474V/Panasonic/view-part/?ref=snap"; VariantName = "[No Variations]"
Add component (AddParameter): Name = "Value"; Value = ""; VariantName = "[No Variations]"
Added Component: Designator=R14(RES_ERJU03J474V)
Add component (AddParameter): Name = "Check_prices"; Value = "https://www.snapeda.com/parts/ERJU03J474V/Panasonic/view-part/?ref=eda"; VariantName = "[No Variations]"
Add component (AddParameter): Name = "MF"; Value = "Panasonic"; VariantName = "[No Variations]"
Add component (AddParameter): Name = "MP"; Value = "ERJU03J474V"; VariantName = "[No Variations]"
Add component (AddParameter): Name = "Package"; Value = "1608-2 Panasonic"; VariantName = "[No Variations]"
Add component (AddParameter): Name = "SnapEDA_Link"; Value = "https://www.snapeda.com/parts/ERJU03J474V/Panasonic/view-part/?ref=snap"; VariantName = "[No Variations]"
Add component (AddParameter): Name = "Value"; Value = ""; VariantName = "[No Variations]"
Added Component: Designator=R15(RES_ERJU03J474V)
Add component (AddParameter): Name = "Check_prices"; Value = "https://www.snapeda.com/parts/ERJU03J474V/Panasonic/view-part/?ref=eda"; VariantName = "[No Variations]"
Add component (AddParameter): Name = "MF"; Value = "Panasonic"; VariantName = "[No Variations]"
Add component (AddParameter): Name = "MP"; Value = "ERJU03J474V"; VariantName = "[No Variations]"
Add component (AddParameter): Name = "Package"; Value = "1608-2 Panasonic"; VariantName = "[No Variations]"
Add component (AddParameter): Name = "SnapEDA_Link"; Value = "https://www.snapeda.com/parts/ERJU03J474V/Panasonic/view-part/?ref=snap"; VariantName = "[No Variations]"
Add component (AddParameter): Name = "Value"; Value = ""; VariantName = "[No Variations]"
Added Component: Designator=R16(RES_ERJU03J474V)
Add component (AddParameter): Name = "Check_prices"; Value = "https://www.snapeda.com/parts/ERJU03J474V/Panasonic/view-part/?ref=eda"; VariantName = "[No Variations]"
Add component (AddParameter): Name = "MF"; Value = "Panasonic"; VariantName = "[No Variations]"
Add component (AddParameter): Name = "MP"; Value = "ERJU03J474V"; VariantName = "[No Variations]"
Add component (AddParameter): Name = "Package"; Value = "1608-2 Panasonic"; VariantName = "[No Variations]"
Add component (AddParameter): Name = "SnapEDA_Link"; Value = "https://www.snapeda.com/parts/ERJU03J474V/Panasonic/view-part/?ref=snap"; VariantName = "[No Variations]"
Add component (AddParameter): Name = "Value"; Value = ""; VariantName = "[No Variations]"
Added Component: Designator=R17(RES_ERJU03J474V)
Add component (AddParameter): Name = "Check_prices"; Value = "https://www.snapeda.com/parts/ERJU03J474V/Panasonic/view-part/?ref=eda"; VariantName = "[No Variations]"
Add component (AddParameter): Name = "MF"; Value = "Panasonic"; VariantName = "[No Variations]"
Add component (AddParameter): Name = "MP"; Value = "ERJU03J474V"; VariantName = "[No Variations]"
Add component (AddParameter): Name = "Package"; Value = "1608-2 Panasonic"; VariantName = "[No Variations]"
Add component (AddParameter): Name = "SnapEDA_Link"; Value = "https://www.snapeda.com/parts/ERJU03J474V/Panasonic/view-part/?ref=snap"; VariantName = "[No Variations]"
Add component (AddParameter): Name = "Value"; Value = ""; VariantName = "[No Variations]"
Added Component: Designator=R18(RES_ERJU03J474V)
Add component (AddParameter): Name = "Check_prices"; Value = "https://www.snapeda.com/parts/ERJU03J474V/Panasonic/view-part/?ref=eda"; VariantName = "[No Variations]"
Add component (AddParameter): Name = "MF"; Value = "Panasonic"; VariantName = "[No Variations]"
Add component (AddParameter): Name = "MP"; Value = "ERJU03J474V"; VariantName = "[No Variations]"
Add component (AddParameter): Name = "Package"; Value = "1608-2 Panasonic"; VariantName = "[No Variations]"
Add component (AddParameter): Name = "SnapEDA_Link"; Value = "https://www.snapeda.com/parts/ERJU03J474V/Panasonic/view-part/?ref=snap"; VariantName = "[No Variations]"
Add component (AddParameter): Name = "Value"; Value = ""; VariantName = "[No Variations]"
Added Component: Designator=R19(RES_ERJU03J474V)
Add component (AddParameter): Name = "Check_prices"; Value = "https://www.snapeda.com/parts/ERJU03J474V/Panasonic/view-part/?ref=eda"; VariantName = "[No Variations]"
Add component (AddParameter): Name = "MF"; Value = "Panasonic"; VariantName = "[No Variations]"
Add component (AddParameter): Name = "MP"; Value = "ERJU03J474V"; VariantName = "[No Variations]"
Add component (AddParameter): Name = "Package"; Value = "1608-2 Panasonic"; VariantName = "[No Variations]"
Add component (AddParameter): Name = "SnapEDA_Link"; Value = "https://www.snapeda.com/parts/ERJU03J474V/Panasonic/view-part/?ref=snap"; VariantName = "[No Variations]"
Add component (AddParameter): Name = "Value"; Value = ""; VariantName = "[No Variations]"
Added Component: Designator=R20(RES_ERJU03J474V)
Add component (AddParameter): Name = "Check_prices"; Value = "https://www.snapeda.com/parts/ERJU03J474V/Panasonic/view-part/?ref=eda"; VariantName = "[No Variations]"
Add component (AddParameter): Name = "MF"; Value = "Panasonic"; VariantName = "[No Variations]"
Add component (AddParameter): Name = "MP"; Value = "ERJU03J474V"; VariantName = "[No Variations]"
Add component (AddParameter): Name = "Package"; Value = "1608-2 Panasonic"; VariantName = "[No Variations]"
Add component (AddParameter): Name = "SnapEDA_Link"; Value = "https://www.snapeda.com/parts/ERJU03J474V/Panasonic/view-part/?ref=snap"; VariantName = "[No Variations]"
Add component (AddParameter): Name = "Value"; Value = ""; VariantName = "[No Variations]"
Added Component: Designator=R21(RES_ERJU03J474V)
Add component (AddParameter): Name = "Check_prices"; Value = "https://www.snapeda.com/parts/ERJU03J474V/Panasonic/view-part/?ref=eda"; VariantName = "[No Variations]"
Add component (AddParameter): Name = "MF"; Value = "Panasonic"; VariantName = "[No Variations]"
Add component (AddParameter): Name = "MP"; Value = "ERJU03J474V"; VariantName = "[No Variations]"
Add component (AddParameter): Name = "Package"; Value = "1608-2 Panasonic"; VariantName = "[No Variations]"
Add component (AddParameter): Name = "SnapEDA_Link"; Value = "https://www.snapeda.com/parts/ERJU03J474V/Panasonic/view-part/?ref=snap"; VariantName = "[No Variations]"
Add component (AddParameter): Name = "Value"; Value = ""; VariantName = "[No Variations]"
Added Component: Designator=R22(RES_ERJU03J474V)
Add component (AddParameter): Name = "Check_prices"; Value = "https://www.snapeda.com/parts/ERJU03J474V/Panasonic/view-part/?ref=eda"; VariantName = "[No Variations]"
Add component (AddParameter): Name = "MF"; Value = "Panasonic"; VariantName = "[No Variations]"
Add component (AddParameter): Name = "MP"; Value = "ERJU03J474V"; VariantName = "[No Variations]"
Add component (AddParameter): Name = "Package"; Value = "1608-2 Panasonic"; VariantName = "[No Variations]"
Add component (AddParameter): Name = "SnapEDA_Link"; Value = "https://www.snapeda.com/parts/ERJU03J474V/Panasonic/view-part/?ref=snap"; VariantName = "[No Variations]"
Add component (AddParameter): Name = "Value"; Value = ""; VariantName = "[No Variations]"
Added Component: Designator=R23(RES_ERJU03J474V)
Add component (AddParameter): Name = "Check_prices"; Value = "https://www.snapeda.com/parts/ERJU03J474V/Panasonic/view-part/?ref=eda"; VariantName = "[No Variations]"
Add component (AddParameter): Name = "MF"; Value = "Panasonic"; VariantName = "[No Variations]"
Add component (AddParameter): Name = "MP"; Value = "ERJU03J474V"; VariantName = "[No Variations]"
Add component (AddParameter): Name = "Package"; Value = "1608-2 Panasonic"; VariantName = "[No Variations]"
Add component (AddParameter): Name = "SnapEDA_Link"; Value = "https://www.snapeda.com/parts/ERJU03J474V/Panasonic/view-part/?ref=snap"; VariantName = "[No Variations]"
Add component (AddParameter): Name = "Value"; Value = ""; VariantName = "[No Variations]"
Added Component: Designator=R24(RES_ERJU03J474V)
Add component (AddParameter): Name = "Check_prices"; Value = "https://www.snapeda.com/parts/ERJU03J474V/Panasonic/view-part/?ref=eda"; VariantName = "[No Variations]"
Add component (AddParameter): Name = "MF"; Value = "Panasonic"; VariantName = "[No Variations]"
Add component (AddParameter): Name = "MP"; Value = "ERJU03J474V"; VariantName = "[No Variations]"
Add component (AddParameter): Name = "Package"; Value = "1608-2 Panasonic"; VariantName = "[No Variations]"
Add component (AddParameter): Name = "SnapEDA_Link"; Value = "https://www.snapeda.com/parts/ERJU03J474V/Panasonic/view-part/?ref=snap"; VariantName = "[No Variations]"
Add component (AddParameter): Name = "Value"; Value = ""; VariantName = "[No Variations]"
Added Component: Designator=R25(RES_ERJU03J474V)
Add component (AddParameter): Name = "Check_prices"; Value = "https://www.snapeda.com/parts/ERJU03J474V/Panasonic/view-part/?ref=eda"; VariantName = "[No Variations]"
Add component (AddParameter): Name = "MF"; Value = "Panasonic"; VariantName = "[No Variations]"
Add component (AddParameter): Name = "MP"; Value = "ERJU03J474V"; VariantName = "[No Variations]"
Add component (AddParameter): Name = "Package"; Value = "1608-2 Panasonic"; VariantName = "[No Variations]"
Add component (AddParameter): Name = "SnapEDA_Link"; Value = "https://www.snapeda.com/parts/ERJU03J474V/Panasonic/view-part/?ref=snap"; VariantName = "[No Variations]"
Add component (AddParameter): Name = "Value"; Value = ""; VariantName = "[No Variations]"
Added Component: Designator=R26(RES_ERJU03J474V)
Add component (AddParameter): Name = "Check_prices"; Value = "https://www.snapeda.com/parts/ERJU03J474V/Panasonic/view-part/?ref=eda"; VariantName = "[No Variations]"
Add component (AddParameter): Name = "MF"; Value = "Panasonic"; VariantName = "[No Variations]"
Add component (AddParameter): Name = "MP"; Value = "ERJU03J474V"; VariantName = "[No Variations]"
Add component (AddParameter): Name = "Package"; Value = "1608-2 Panasonic"; VariantName = "[No Variations]"
Add component (AddParameter): Name = "SnapEDA_Link"; Value = "https://www.snapeda.com/parts/ERJU03J474V/Panasonic/view-part/?ref=snap"; VariantName = "[No Variations]"
Add component (AddParameter): Name = "Value"; Value = ""; VariantName = "[No Variations]"
Added Component: Designator=R27(RES_ERJU03J474V)
Add component (AddParameter): Name = "Check_prices"; Value = "https://www.snapeda.com/parts/ERJU03J474V/Panasonic/view-part/?ref=eda"; VariantName = "[No Variations]"
Add component (AddParameter): Name = "MF"; Value = "Panasonic"; VariantName = "[No Variations]"
Add component (AddParameter): Name = "MP"; Value = "ERJU03J474V"; VariantName = "[No Variations]"
Add component (AddParameter): Name = "Package"; Value = "1608-2 Panasonic"; VariantName = "[No Variations]"
Add component (AddParameter): Name = "SnapEDA_Link"; Value = "https://www.snapeda.com/parts/ERJU03J474V/Panasonic/view-part/?ref=snap"; VariantName = "[No Variations]"
Add component (AddParameter): Name = "Value"; Value = ""; VariantName = "[No Variations]"
Added Component: Designator=R28(RES_ERJU03J474V)
Add component (AddParameter): Name = "Check_prices"; Value = "https://www.snapeda.com/parts/ERJU03J474V/Panasonic/view-part/?ref=eda"; VariantName = "[No Variations]"
Add component (AddParameter): Name = "MF"; Value = "Panasonic"; VariantName = "[No Variations]"
Add component (AddParameter): Name = "MP"; Value = "ERJU03J474V"; VariantName = "[No Variations]"
Add component (AddParameter): Name = "Package"; Value = "1608-2 Panasonic"; VariantName = "[No Variations]"
Add component (AddParameter): Name = "SnapEDA_Link"; Value = "https://www.snapeda.com/parts/ERJU03J474V/Panasonic/view-part/?ref=snap"; VariantName = "[No Variations]"
Add component (AddParameter): Name = "Value"; Value = ""; VariantName = "[No Variations]"
Added Component: Designator=R29(RES_ERJU03J474V)
Add component (AddParameter): Name = "Check_prices"; Value = "https://www.snapeda.com/parts/ERJU03J474V/Panasonic/view-part/?ref=eda"; VariantName = "[No Variations]"
Add component (AddParameter): Name = "MF"; Value = "Panasonic"; VariantName = "[No Variations]"
Add component (AddParameter): Name = "MP"; Value = "ERJU03J474V"; VariantName = "[No Variations]"
Add component (AddParameter): Name = "Package"; Value = "1608-2 Panasonic"; VariantName = "[No Variations]"
Add component (AddParameter): Name = "SnapEDA_Link"; Value = "https://www.snapeda.com/parts/ERJU03J474V/Panasonic/view-part/?ref=snap"; VariantName = "[No Variations]"
Add component (AddParameter): Name = "Value"; Value = ""; VariantName = "[No Variations]"
Added Component: Designator=R30(RES_ERJU03J474V)
Add component (AddParameter): Name = "Check_prices"; Value = "https://www.snapeda.com/parts/ERJU03J474V/Panasonic/view-part/?ref=eda"; VariantName = "[No Variations]"
Add component (AddParameter): Name = "MF"; Value = "Panasonic"; VariantName = "[No Variations]"
Add component (AddParameter): Name = "MP"; Value = "ERJU03J474V"; VariantName = "[No Variations]"
Add component (AddParameter): Name = "Package"; Value = "1608-2 Panasonic"; VariantName = "[No Variations]"
Add component (AddParameter): Name = "SnapEDA_Link"; Value = "https://www.snapeda.com/parts/ERJU03J474V/Panasonic/view-part/?ref=snap"; VariantName = "[No Variations]"
Add component (AddParameter): Name = "Value"; Value = ""; VariantName = "[No Variations]"
Added Component: Designator=R31(RES_ERJU03J474V)
Add component (AddParameter): Name = "Check_prices"; Value = "https://www.snapeda.com/parts/ERJU03J474V/Panasonic/view-part/?ref=eda"; VariantName = "[No Variations]"
Add component (AddParameter): Name = "MF"; Value = "Panasonic"; VariantName = "[No Variations]"
Add component (AddParameter): Name = "MP"; Value = "ERJU03J474V"; VariantName = "[No Variations]"
Add component (AddParameter): Name = "Package"; Value = "1608-2 Panasonic"; VariantName = "[No Variations]"
Add component (AddParameter): Name = "SnapEDA_Link"; Value = "https://www.snapeda.com/parts/ERJU03J474V/Panasonic/view-part/?ref=snap"; VariantName = "[No Variations]"
Add component (AddParameter): Name = "Value"; Value = ""; VariantName = "[No Variations]"
Added Component: Designator=R32(RES_ERJU03J474V)
Add component (AddParameter): Name = "Check_prices"; Value = "https://www.snapeda.com/parts/ERJU03J474V/Panasonic/view-part/?ref=eda"; VariantName = "[No Variations]"
Add component (AddParameter): Name = "MF"; Value = "Panasonic"; VariantName = "[No Variations]"
Add component (AddParameter): Name = "MP"; Value = "ERJU03J474V"; VariantName = "[No Variations]"
Add component (AddParameter): Name = "Package"; Value = "1608-2 Panasonic"; VariantName = "[No Variations]"
Add component (AddParameter): Name = "SnapEDA_Link"; Value = "https://www.snapeda.com/parts/ERJU03J474V/Panasonic/view-part/?ref=snap"; VariantName = "[No Variations]"
Add component (AddParameter): Name = "Value"; Value = ""; VariantName = "[No Variations]"
Added Component: Designator=R33(RES_ERJU03J474V)
Add component (AddParameter): Name = "Check_prices"; Value = "https://www.snapeda.com/parts/ERJU03J474V/Panasonic/view-part/?ref=eda"; VariantName = "[No Variations]"
Add component (AddParameter): Name = "MF"; Value = "Panasonic"; VariantName = "[No Variations]"
Add component (AddParameter): Name = "MP"; Value = "ERJU03J474V"; VariantName = "[No Variations]"
Add component (AddParameter): Name = "Package"; Value = "1608-2 Panasonic"; VariantName = "[No Variations]"
Add component (AddParameter): Name = "SnapEDA_Link"; Value = "https://www.snapeda.com/parts/ERJU03J474V/Panasonic/view-part/?ref=snap"; VariantName = "[No Variations]"
Add component (AddParameter): Name = "Value"; Value = ""; VariantName = "[No Variations]"
Added Component: Designator=R34(RES_ERJU03J474V)
Add component (AddParameter): Name = "Check_prices"; Value = "https://www.snapeda.com/parts/ERJU03J474V/Panasonic/view-part/?ref=eda"; VariantName = "[No Variations]"
Add component (AddParameter): Name = "MF"; Value = "Panasonic"; VariantName = "[No Variations]"
Add component (AddParameter): Name = "MP"; Value = "ERJU03J474V"; VariantName = "[No Variations]"
Add component (AddParameter): Name = "Package"; Value = "1608-2 Panasonic"; VariantName = "[No Variations]"
Add component (AddParameter): Name = "SnapEDA_Link"; Value = "https://www.snapeda.com/parts/ERJU03J474V/Panasonic/view-part/?ref=snap"; VariantName = "[No Variations]"
Add component (AddParameter): Name = "Value"; Value = ""; VariantName = "[No Variations]"
Added Component: Designator=R35(RES_ERJU03J474V)
Add component (AddParameter): Name = "Check_prices"; Value = "https://www.snapeda.com/parts/ERJU03J474V/Panasonic/view-part/?ref=eda"; VariantName = "[No Variations]"
Add component (AddParameter): Name = "MF"; Value = "Panasonic"; VariantName = "[No Variations]"
Add component (AddParameter): Name = "MP"; Value = "ERJU03J474V"; VariantName = "[No Variations]"
Add component (AddParameter): Name = "Package"; Value = "1608-2 Panasonic"; VariantName = "[No Variations]"
Add component (AddParameter): Name = "SnapEDA_Link"; Value = "https://www.snapeda.com/parts/ERJU03J474V/Panasonic/view-part/?ref=snap"; VariantName = "[No Variations]"
Add component (AddParameter): Name = "Value"; Value = ""; VariantName = "[No Variations]"
Added Component: Designator=R36(RES_ERJU03J474V)
Add component (AddParameter): Name = "Check_prices"; Value = "https://www.snapeda.com/parts/ERJU03J474V/Panasonic/view-part/?ref=eda"; VariantName = "[No Variations]"
Add component (AddParameter): Name = "MF"; Value = "Panasonic"; VariantName = "[No Variations]"
Add component (AddParameter): Name = "MP"; Value = "ERJU03J474V"; VariantName = "[No Variations]"
Add component (AddParameter): Name = "Package"; Value = "1608-2 Panasonic"; VariantName = "[No Variations]"
Add component (AddParameter): Name = "SnapEDA_Link"; Value = "https://www.snapeda.com/parts/ERJU03J474V/Panasonic/view-part/?ref=snap"; VariantName = "[No Variations]"
Add component (AddParameter): Name = "Value"; Value = ""; VariantName = "[No Variations]"
Added Component: Designator=R37(RES_ERJU03J474V)
Add component (AddParameter): Name = "Check_prices"; Value = "https://www.snapeda.com/parts/ERJU03J474V/Panasonic/view-part/?ref=eda"; VariantName = "[No Variations]"
Add component (AddParameter): Name = "MF"; Value = "Panasonic"; VariantName = "[No Variations]"
Add component (AddParameter): Name = "MP"; Value = "ERJU03J474V"; VariantName = "[No Variations]"
Add component (AddParameter): Name = "Package"; Value = "1608-2 Panasonic"; VariantName = "[No Variations]"
Add component (AddParameter): Name = "SnapEDA_Link"; Value = "https://www.snapeda.com/parts/ERJU03J474V/Panasonic/view-part/?ref=snap"; VariantName = "[No Variations]"
Add component (AddParameter): Name = "Value"; Value = ""; VariantName = "[No Variations]"
Added Component: Designator=R38(RES_ERJU03J474V)
Add component (AddParameter): Name = "Check_prices"; Value = "https://www.snapeda.com/parts/ERJU03J474V/Panasonic/view-part/?ref=eda"; VariantName = "[No Variations]"
Add component (AddParameter): Name = "MF"; Value = "Panasonic"; VariantName = "[No Variations]"
Add component (AddParameter): Name = "MP"; Value = "ERJU03J474V"; VariantName = "[No Variations]"
Add component (AddParameter): Name = "Package"; Value = "1608-2 Panasonic"; VariantName = "[No Variations]"
Add component (AddParameter): Name = "SnapEDA_Link"; Value = "https://www.snapeda.com/parts/ERJU03J474V/Panasonic/view-part/?ref=snap"; VariantName = "[No Variations]"
Add component (AddParameter): Name = "Value"; Value = ""; VariantName = "[No Variations]"
Added Component: Designator=R39(RES_ERJU03J474V)
Add component (AddParameter): Name = "Check_prices"; Value = "https://www.snapeda.com/parts/ERJU03J474V/Panasonic/view-part/?ref=eda"; VariantName = "[No Variations]"
Add component (AddParameter): Name = "MF"; Value = "Panasonic"; VariantName = "[No Variations]"
Add component (AddParameter): Name = "MP"; Value = "ERJU03J474V"; VariantName = "[No Variations]"
Add component (AddParameter): Name = "Package"; Value = "1608-2 Panasonic"; VariantName = "[No Variations]"
Add component (AddParameter): Name = "SnapEDA_Link"; Value = "https://www.snapeda.com/parts/ERJU03J474V/Panasonic/view-part/?ref=snap"; VariantName = "[No Variations]"
Add component (AddParameter): Name = "Value"; Value = ""; VariantName = "[No Variations]"
Added Component: Designator=R40(RES_ERJU03J474V)
Add component (AddParameter): Name = "Check_prices"; Value = "https://www.snapeda.com/parts/ERJU03J474V/Panasonic/view-part/?ref=eda"; VariantName = "[No Variations]"
Add component (AddParameter): Name = "MF"; Value = "Panasonic"; VariantName = "[No Variations]"
Add component (AddParameter): Name = "MP"; Value = "ERJU03J474V"; VariantName = "[No Variations]"
Add component (AddParameter): Name = "Package"; Value = "1608-2 Panasonic"; VariantName = "[No Variations]"
Add component (AddParameter): Name = "SnapEDA_Link"; Value = "https://www.snapeda.com/parts/ERJU03J474V/Panasonic/view-part/?ref=snap"; VariantName = "[No Variations]"
Add component (AddParameter): Name = "Value"; Value = ""; VariantName = "[No Variations]"
Added Component: Designator=R41(RES_ERJU03J474V)
Add component (AddParameter): Name = "Check_prices"; Value = "https://www.snapeda.com/parts/ERJU03J474V/Panasonic/view-part/?ref=eda"; VariantName = "[No Variations]"
Add component (AddParameter): Name = "MF"; Value = "Panasonic"; VariantName = "[No Variations]"
Add component (AddParameter): Name = "MP"; Value = "ERJU03J474V"; VariantName = "[No Variations]"
Add component (AddParameter): Name = "Package"; Value = "1608-2 Panasonic"; VariantName = "[No Variations]"
Add component (AddParameter): Name = "SnapEDA_Link"; Value = "https://www.snapeda.com/parts/ERJU03J474V/Panasonic/view-part/?ref=snap"; VariantName = "[No Variations]"
Add component (AddParameter): Name = "Value"; Value = ""; VariantName = "[No Variations]"
Added Component: Designator=R42(RES_ERJU03J474V)
Add component (AddParameter): Name = "Check_prices"; Value = "https://www.snapeda.com/parts/ERJU03J474V/Panasonic/view-part/?ref=eda"; VariantName = "[No Variations]"
Add component (AddParameter): Name = "MF"; Value = "Panasonic"; VariantName = "[No Variations]"
Add component (AddParameter): Name = "MP"; Value = "ERJU03J474V"; VariantName = "[No Variations]"
Add component (AddParameter): Name = "Package"; Value = "1608-2 Panasonic"; VariantName = "[No Variations]"
Add component (AddParameter): Name = "SnapEDA_Link"; Value = "https://www.snapeda.com/parts/ERJU03J474V/Panasonic/view-part/?ref=snap"; VariantName = "[No Variations]"
Add component (AddParameter): Name = "Value"; Value = ""; VariantName = "[No Variations]"
Added Component: Designator=RS_PWR1(WL-SMCW_1206)
Add component (AddParameter): Name = "Check_prices"; Value = "https://www.snapeda.com/parts/150120BS75000/Wurth+Electronics/view-part/?ref=eda"; VariantName = "[No Variations]"
Add component (AddParameter): Name = "MF"; Value = "Wurth Electronics"; VariantName = "[No Variations]"
Add component (AddParameter): Name = "MP"; Value = "150120BS75000"; VariantName = "[No Variations]"
Add component (AddParameter): Name = "Package"; Value = "1206 Wurth Electronics"; VariantName = "[No Variations]"
Add component (AddParameter): Name = "SnapEDA_Link"; Value = "https://www.snapeda.com/parts/150120BS75000/Wurth+Electronics/view-part/?ref=snap"; VariantName = "[No Variations]"
Add component (AddParameter): Name = "Value"; Value = ""; VariantName = "[No Variations]"
Added Component: Designator=RS_RXD1(WL-SMCW_1206)
Add component (AddParameter): Name = "Check_prices"; Value = "https://www.snapeda.com/parts/150120BS75000/Wurth+Electronics/view-part/?ref=eda"; VariantName = "[No Variations]"
Add component (AddParameter): Name = "MF"; Value = "Wurth Electronics"; VariantName = "[No Variations]"
Add component (AddParameter): Name = "MP"; Value = "150120BS75000"; VariantName = "[No Variations]"
Add component (AddParameter): Name = "Package"; Value = "1206 Wurth Electronics"; VariantName = "[No Variations]"
Add component (AddParameter): Name = "SnapEDA_Link"; Value = "https://www.snapeda.com/parts/150120BS75000/Wurth+Electronics/view-part/?ref=snap"; VariantName = "[No Variations]"
Add component (AddParameter): Name = "Value"; Value = ""; VariantName = "[No Variations]"
Added Component: Designator=RS_RXD2(WL-SMCW_1206)
Add component (AddParameter): Name = "Check_prices"; Value = "https://www.snapeda.com/parts/150120BS75000/Wurth+Electronics/view-part/?ref=eda"; VariantName = "[No Variations]"
Add component (AddParameter): Name = "MF"; Value = "Wurth Electronics"; VariantName = "[No Variations]"
Add component (AddParameter): Name = "MP"; Value = "150120BS75000"; VariantName = "[No Variations]"
Add component (AddParameter): Name = "Package"; Value = "1206 Wurth Electronics"; VariantName = "[No Variations]"
Add component (AddParameter): Name = "SnapEDA_Link"; Value = "https://www.snapeda.com/parts/150120BS75000/Wurth+Electronics/view-part/?ref=snap"; VariantName = "[No Variations]"
Add component (AddParameter): Name = "Value"; Value = ""; VariantName = "[No Variations]"
Added Component: Designator=RS_TXD1(WL-SMCW_1206)
Add component (AddParameter): Name = "Check_prices"; Value = "https://www.snapeda.com/parts/150120BS75000/Wurth+Electronics/view-part/?ref=eda"; VariantName = "[No Variations]"
Add component (AddParameter): Name = "MF"; Value = "Wurth Electronics"; VariantName = "[No Variations]"
Add component (AddParameter): Name = "MP"; Value = "150120BS75000"; VariantName = "[No Variations]"
Add component (AddParameter): Name = "Package"; Value = "1206 Wurth Electronics"; VariantName = "[No Variations]"
Add component (AddParameter): Name = "SnapEDA_Link"; Value = "https://www.snapeda.com/parts/150120BS75000/Wurth+Electronics/view-part/?ref=snap"; VariantName = "[No Variations]"
Add component (AddParameter): Name = "Value"; Value = ""; VariantName = "[No Variations]"
Added Component: Designator=RS_TXD2(WL-SMCW_1206)
Add component (AddParameter): Name = "Check_prices"; Value = "https://www.snapeda.com/parts/150120BS75000/Wurth+Electronics/view-part/?ref=eda"; VariantName = "[No Variations]"
Add component (AddParameter): Name = "MF"; Value = "Wurth Electronics"; VariantName = "[No Variations]"
Add component (AddParameter): Name = "MP"; Value = "150120BS75000"; VariantName = "[No Variations]"
Add component (AddParameter): Name = "Package"; Value = "1206 Wurth Electronics"; VariantName = "[No Variations]"
Add component (AddParameter): Name = "SnapEDA_Link"; Value = "https://www.snapeda.com/parts/150120BS75000/Wurth+Electronics/view-part/?ref=snap"; VariantName = "[No Variations]"
Add component (AddParameter): Name = "Value"; Value = ""; VariantName = "[No Variations]"
Added Component: Designator=U1(QFN28G_0.5-5X5MM)
Add component (AddParameter): Name = "Availability"; Value = "In Stock"; VariantName = "[No Variations]"
Add component (AddParameter): Name = "Check_prices"; Value = "https://www.snapeda.com/parts/CP2102-GMR/Silicon+Labs/view-part/?ref=eda"; VariantName = "[No Variations]"
Add component (AddParameter): Name = "MF"; Value = "Silicon"; VariantName = "[No Variations]"
Add component (AddParameter): Name = "MP"; Value = "CP2102-GMR"; VariantName = "[No Variations]"
Add component (AddParameter): Name = "Package"; Value = "VFQFN-28 Vishay Siliconix"; VariantName = "[No Variations]"
Add component (AddParameter): Name = "Price"; Value = "None"; VariantName = "[No Variations]"
Add component (AddParameter): Name = "Purchase-URL"; Value = "https://pricing.snapeda.com/search/part/CP2102-GMR/?ref=eda"; VariantName = "[No Variations]"
Add component (AddParameter): Name = "SnapEDA_Link"; Value = "https://www.snapeda.com/parts/CP2102-GMR/Silicon+Labs/view-part/?ref=snap"; VariantName = "[No Variations]"
Add component (AddParameter): Name = "Value"; Value = ""; VariantName = "[No Variations]"
Added Component: Designator=U2(MODULE_E32-433T20S)
Add component (AddParameter): Name = "Availability"; Value = "Not in stock"; VariantName = "[No Variations]"
Add component (AddParameter): Name = "Check_prices"; Value = "https://www.snapeda.com/parts/E32-433T20S/EBYTE/view-part/?ref=eda"; VariantName = "[No Variations]"
Add component (AddParameter): Name = "MF"; Value = "EBYTE"; VariantName = "[No Variations]"
Add component (AddParameter): Name = "MP"; Value = "E32-433T20S"; VariantName = "[No Variations]"
Add component (AddParameter): Name = "Package"; Value = "Package"; VariantName = "[No Variations]"
Add component (AddParameter): Name = "Price"; Value = "None"; VariantName = "[No Variations]"
Add component (AddParameter): Name = "SnapEDA_Link"; Value = "https://www.snapeda.com/parts/E32-433T20S/EBYTE/view-part/?ref=snap"; VariantName = "[No Variations]"
Add component (AddParameter): Name = "Value"; Value = ""; VariantName = "[No Variations]"
Added Component: Designator=U3(SOT108-1_NEX)
Add component (AddParameter): Name = "Copyright"; Value = "Copyright (C) 2025 Ultra Librarian. All rights reserved."; VariantName = "[No Variations]"
Add component (AddParameter): Name = "Manufacturer_Name"; Value = "Nexperia"; VariantName = "[No Variations]"
Add component (AddParameter): Name = "Manufacturer_Part_Number"; Value = "74HC125D"; VariantName = "[No Variations]"
Add component (AddParameter): Name = "RefDes"; Value = "RefDes"; VariantName = "[No Variations]"
Add component (AddParameter): Name = "Type"; Value = "Type"; VariantName = "[No Variations]"
Added Component: Designator=U4(SOT23-5_TEXAS_INSTRUMETNS)
Add component (AddParameter): Name = "Check_prices"; Value = "https://www.snapeda.com/parts/RT919333GB/Richtek/view-part/?ref=eda"; VariantName = "[No Variations]"
Add component (AddParameter): Name = "MF"; Value = "Richtek Technology Corp"; VariantName = "[No Variations]"
Add component (AddParameter): Name = "MP"; Value = "RT919333GB"; VariantName = "[No Variations]"
Add component (AddParameter): Name = "Package"; Value = "SOT-23-5 Richtek"; VariantName = "[No Variations]"
Add component (AddParameter): Name = "SnapEDA_Link"; Value = "https://www.snapeda.com/parts/RT919333GB/Richtek/view-part/?ref=snap"; VariantName = "[No Variations]"
Add component (AddParameter): Name = "Value"; Value = ""; VariantName = "[No Variations]"
Added Component: Designator=U5(SOP65P640X110-28N)
Add component (AddParameter): Name = "Check_prices"; Value = "https://www.snapeda.com/parts/SC16IS752IPW,128/NXP+Semiconductors/view-part/?ref=eda"; VariantName = "[No Variations]"
Add component (AddParameter): Name = "MF"; Value = "NXP Semiconductors"; VariantName = "[No Variations]"
Add component (AddParameter): Name = "MP"; Value = "SC16IS752IPW,128"; VariantName = "[No Variations]"
Add component (AddParameter): Name = "Package"; Value = "TSSOP-28 NXP USA"; VariantName = "[No Variations]"
Add component (AddParameter): Name = "SnapEDA_Link"; Value = "https://www.snapeda.com/parts/SC16IS752IPW,128/NXP+Semiconductors/view-part/?ref=snap"; VariantName = "[No Variations]"
Add component (AddParameter): Name = "Value"; Value = ""; VariantName = "[No Variations]"
Added Component: Designator=U6(SOIC127P1032X265-16N)
Added Component: Designator=U7(SOIC254P1030X390-4N_EL817(S1)(C)(TU)-VG)
Add component (AddParameter): Name = "Check_prices"; Value = "https://www.snapeda.com/parts/EL817(S1)(A)(TU)-VG/Everlight/view-part/?ref=eda"; VariantName = "[No Variations]"
Add component (AddParameter): Name = "MF"; Value = "Everlight Electronics"; VariantName = "[No Variations]"
Add component (AddParameter): Name = "MP"; Value = "EL817(S1)(A)(TU)-VG"; VariantName = "[No Variations]"
Add component (AddParameter): Name = "Package"; Value = "NON STANDARD-4 Everlight"; VariantName = "[No Variations]"
Add component (AddParameter): Name = "SnapEDA_Link"; Value = "https://www.snapeda.com/parts/EL817(S1)(A)(TU)-VG/Everlight/view-part/?ref=snap"; VariantName = "[No Variations]"
Add component (AddParameter): Name = "Value"; Value = ""; VariantName = "[No Variations]"
Added Component: Designator=U8(SOIC254P1030X390-4N_EL817(S1)(C)(TU)-VG)
Add component (AddParameter): Name = "Check_prices"; Value = "https://www.snapeda.com/parts/EL817(S1)(A)(TU)-VG/Everlight/view-part/?ref=eda"; VariantName = "[No Variations]"
Add component (AddParameter): Name = "MF"; Value = "Everlight Electronics"; VariantName = "[No Variations]"
Add component (AddParameter): Name = "MP"; Value = "EL817(S1)(A)(TU)-VG"; VariantName = "[No Variations]"
Add component (AddParameter): Name = "Package"; Value = "NON STANDARD-4 Everlight"; VariantName = "[No Variations]"
Add component (AddParameter): Name = "SnapEDA_Link"; Value = "https://www.snapeda.com/parts/EL817(S1)(A)(TU)-VG/Everlight/view-part/?ref=snap"; VariantName = "[No Variations]"
Add component (AddParameter): Name = "Value"; Value = ""; VariantName = "[No Variations]"
Added Component: Designator=U9(SOIC127P599X175-8N)
Add component (AddParameter): Name = "Check_prices"; Value = "https://www.snapeda.com/parts/SP3485EN-L/MaxLinear/view-part/?ref=eda"; VariantName = "[No Variations]"
Add component (AddParameter): Name = "MF"; Value = "MaxLinear, Inc."; VariantName = "[No Variations]"
Add component (AddParameter): Name = "MP"; Value = "SP3485EN-L"; VariantName = "[No Variations]"
Add component (AddParameter): Name = "Package"; Value = "None"; VariantName = "[No Variations]"
Add component (AddParameter): Name = "SnapEDA_Link"; Value = "https://www.snapeda.com/parts/SP3485EN-L/MaxLinear/view-part/?ref=snap"; VariantName = "[No Variations]"
Add component (AddParameter): Name = "Value"; Value = ""; VariantName = "[No Variations]"
Added Component: Designator=U10(SOIC127P599X175-8N)
Add component (AddParameter): Name = "Check_prices"; Value = "https://www.snapeda.com/parts/SP3485EN-L/MaxLinear/view-part/?ref=eda"; VariantName = "[No Variations]"
Add component (AddParameter): Name = "MF"; Value = "MaxLinear, Inc."; VariantName = "[No Variations]"
Add component (AddParameter): Name = "MP"; Value = "SP3485EN-L"; VariantName = "[No Variations]"
Add component (AddParameter): Name = "Package"; Value = "None"; VariantName = "[No Variations]"
Add component (AddParameter): Name = "SnapEDA_Link"; Value = "https://www.snapeda.com/parts/SP3485EN-L/MaxLinear/view-part/?ref=snap"; VariantName = "[No Variations]"
Add component (AddParameter): Name = "Value"; Value = ""; VariantName = "[No Variations]"
Added Component: Designator=Y1(CRY_HC_49_S)
Added Pin To Net: NetName=3.3V Pin=C4-1
Added Pin To Net: NetName=3.3V Pin=C5-1
Added Pin To Net: NetName=3.3V Pin=C8-2
Added Pin To Net: NetName=3.3V Pin=R5-2
Added Pin To Net: NetName=3.3V Pin=R6-2
Added Pin To Net: NetName=3.3V Pin=R7-2
Added Pin To Net: NetName=3.3V Pin=R8-2
Added Pin To Net: NetName=3.3V Pin=R9-1
Added Pin To Net: NetName=3.3V Pin=R10-1
Added Pin To Net: NetName=3.3V Pin=U1-6
Added Pin To Net: NetName=3.3V Pin=U3-14
Added Net: Name=3.3V
Added Pin To Net: NetName=3V3 Pin=C11-2
Added Pin To Net: NetName=3V3 Pin=C16-1
Added Pin To Net: NetName=3V3 Pin=R17-2
Added Pin To Net: NetName=3V3 Pin=R18-2
Added Pin To Net: NetName=3V3 Pin=R19-2
Added Pin To Net: NetName=3V3 Pin=R20-2
Added Pin To Net: NetName=3V3 Pin=R21-2
Added Pin To Net: NetName=3V3 Pin=R24-1
Added Pin To Net: NetName=3V3 Pin=R25-1
Added Pin To Net: NetName=3V3 Pin=R29-2
Added Pin To Net: NetName=3V3 Pin=R30-1
Added Pin To Net: NetName=3V3 Pin=U4-5
Added Pin To Net: NetName=3V3 Pin=U5-8
Added Net: Name=3V3
Added Pin To Net: NetName=5VB Pin=C17-1
Added Pin To Net: NetName=5VB Pin=C19-2
Added Pin To Net: NetName=5VB Pin=C20-2
Added Pin To Net: NetName=5VB Pin=C22-1
Added Pin To Net: NetName=5VB Pin=C23-1
Added Pin To Net: NetName=5VB Pin=C25-1
Added Pin To Net: NetName=5VB Pin=C26-1
Added Pin To Net: NetName=5VB Pin=PS1-6
Added Pin To Net: NetName=5VB Pin=R31-1
Added Pin To Net: NetName=5VB Pin=R32-1
Added Pin To Net: NetName=5VB Pin=R33-2
Added Pin To Net: NetName=5VB Pin=R36-1
Added Pin To Net: NetName=5VB Pin=R37-2
Added Pin To Net: NetName=5VB Pin=R41-1
Added Pin To Net: NetName=5VB Pin=U6-16
Added Pin To Net: NetName=5VB Pin=U9-8
Added Pin To Net: NetName=5VB Pin=U10-8
Added Net: Name=5VB
Added Pin To Net: NetName=A_1 Pin=D4-1
Added Pin To Net: NetName=A_1 Pin=F1-2
Added Pin To Net: NetName=A_1 Pin=J5-1
Added Net: Name=A_1
Added Pin To Net: NetName=A_2 Pin=D7-1
Added Pin To Net: NetName=A_2 Pin=F3-2
Added Pin To Net: NetName=A_2 Pin=J6-3
Added Net: Name=A_2
Added Pin To Net: NetName=AUX Pin=AUX1-1
Added Pin To Net: NetName=AUX Pin=J7-7
Added Pin To Net: NetName=AUX Pin=J8-4
Added Pin To Net: NetName=AUX Pin=U2-24
Added Net: Name=AUX
Added Pin To Net: NetName=B_1 Pin=D4-2
Added Pin To Net: NetName=B_1 Pin=F2-2
Added Pin To Net: NetName=B_1 Pin=J5-3
Added Net: Name=B_1
Added Pin To Net: NetName=B_2 Pin=D7-2
Added Pin To Net: NetName=B_2 Pin=F4-2
Added Pin To Net: NetName=B_2 Pin=J6-1
Added Net: Name=B_2
Added Pin To Net: NetName=CS Pin=J4-6
Added Pin To Net: NetName=CS Pin=J7-12
Added Pin To Net: NetName=CS Pin=J9-6
Added Pin To Net: NetName=CS Pin=U5-10
Added Net: Name=CS
Added Pin To Net: NetName=D_N Pin=J1-A7
Added Pin To Net: NetName=D_N Pin=J1-B7
Added Pin To Net: NetName=D_N Pin=U1-5
Added Net: Name=D_N
Added Pin To Net: NetName=D_P Pin=J1-A6
Added Pin To Net: NetName=D_P Pin=J1-B6
Added Pin To Net: NetName=D_P Pin=U1-4
Added Net: Name=D_P
Added Pin To Net: NetName=DI_1 Pin=P3-3
Added Pin To Net: NetName=DI_1 Pin=P6-3
Added Pin To Net: NetName=DI_1 Pin=U9-4
Added Net: Name=DI_1
Added Pin To Net: NetName=DI_2 Pin=P7-3
Added Pin To Net: NetName=DI_2 Pin=P10-3
Added Pin To Net: NetName=DI_2 Pin=U10-4
Added Net: Name=DI_2
Added Pin To Net: NetName=GND Pin=C1-1
Added Pin To Net: NetName=GND Pin=C2-1
Added Pin To Net: NetName=GND Pin=C3-1
Added Pin To Net: NetName=GND Pin=C4-2
Added Pin To Net: NetName=GND Pin=C5-2
Added Pin To Net: NetName=GND Pin=C6-2
Added Pin To Net: NetName=GND Pin=C7-2
Added Pin To Net: NetName=GND Pin=C8-1
Added Pin To Net: NetName=GND Pin=C9-1
Added Pin To Net: NetName=GND Pin=C10-1
Added Pin To Net: NetName=GND Pin=C11-1
Added Pin To Net: NetName=GND Pin=C12-1
Added Pin To Net: NetName=GND Pin=C13-1
Added Pin To Net: NetName=GND Pin=C14-1
Added Pin To Net: NetName=GND Pin=C15-2
Added Pin To Net: NetName=GND Pin=C16-2
Added Pin To Net: NetName=GND Pin=C18-1
Added Pin To Net: NetName=GND Pin=C21-1
Added Pin To Net: NetName=GND Pin=J1-A1_B12
Added Pin To Net: NetName=GND Pin=J1-B1_A12
Added Pin To Net: NetName=GND Pin=J1-SH1
Added Pin To Net: NetName=GND Pin=J1-SH2
Added Pin To Net: NetName=GND Pin=J1-SH3
Added Pin To Net: NetName=GND Pin=J1-SH4
Added Pin To Net: NetName=GND Pin=J2-G1
Added Pin To Net: NetName=GND Pin=J2-G2
Added Pin To Net: NetName=GND Pin=J2-G3
Added Pin To Net: NetName=GND Pin=J2-G4
Added Pin To Net: NetName=GND Pin=J3-2
Added Pin To Net: NetName=GND Pin=J4-2
Added Pin To Net: NetName=GND Pin=J7-6
Added Pin To Net: NetName=GND Pin=J7-9
Added Pin To Net: NetName=GND Pin=J7-14
Added Pin To Net: NetName=GND Pin=J7-20
Added Pin To Net: NetName=GND Pin=J7-25
Added Pin To Net: NetName=GND Pin=J7-30
Added Pin To Net: NetName=GND Pin=J7-34
Added Pin To Net: NetName=GND Pin=J7-39
Added Pin To Net: NetName=GND Pin=J8-5
Added Pin To Net: NetName=GND Pin=J9-3
Added Pin To Net: NetName=GND Pin=J9-7
Added Pin To Net: NetName=GND Pin=J9-10
Added Pin To Net: NetName=GND Pin=J10-3
Added Pin To Net: NetName=GND Pin=J10-10
Added Pin To Net: NetName=GND Pin=J11-5
Added Pin To Net: NetName=GND Pin=J11-7
Added Pin To Net: NetName=GND Pin=L_PWR1-1
Added Pin To Net: NetName=GND Pin=P2-3
Added Pin To Net: NetName=GND Pin=P2-4
Added Pin To Net: NetName=GND Pin=PS1-2
Added Pin To Net: NetName=GND Pin=R1-1
Added Pin To Net: NetName=GND Pin=R2-1
Added Pin To Net: NetName=GND Pin=R4-2
Added Pin To Net: NetName=GND Pin=R28-1
Added Pin To Net: NetName=GND Pin=RS_PWR1-1
Added Pin To Net: NetName=GND Pin=U1-3
Added Pin To Net: NetName=GND Pin=U1-29
Added Pin To Net: NetName=GND Pin=U2-2
Added Pin To Net: NetName=GND Pin=U2-8
Added Pin To Net: NetName=GND Pin=U2-11
Added Pin To Net: NetName=GND Pin=U2-13
Added Pin To Net: NetName=GND Pin=U2-14
Added Pin To Net: NetName=GND Pin=U2-15
Added Pin To Net: NetName=GND Pin=U2-16
Added Pin To Net: NetName=GND Pin=U2-19
Added Pin To Net: NetName=GND Pin=U2-26
Added Pin To Net: NetName=GND Pin=U3-1
Added Pin To Net: NetName=GND Pin=U3-4
Added Pin To Net: NetName=GND Pin=U3-7
Added Pin To Net: NetName=GND Pin=U3-10
Added Pin To Net: NetName=GND Pin=U3-13
Added Pin To Net: NetName=GND Pin=U4-2
Added Pin To Net: NetName=GND Pin=U5-14
Added Pin To Net: NetName=GND Pin=U5-22
Added Pin To Net: NetName=GND Pin=U6-2
Added Pin To Net: NetName=GND Pin=U6-8
Added Pin To Net: NetName=GND Pin=U7-2
Added Pin To Net: NetName=GND Pin=U8-2
Added Net: Name=GND
Added Pin To Net: NetName=IRQ Pin=J4-7
Added Pin To Net: NetName=IRQ Pin=R15-1
Added Pin To Net: NetName=IRQ Pin=R16-1
Added Pin To Net: NetName=IRQ Pin=R22-1
Added Pin To Net: NetName=IRQ Pin=R23-1
Added Pin To Net: NetName=IRQ Pin=R29-1
Added Pin To Net: NetName=IRQ Pin=U5-15
Added Net: Name=IRQ
Added Pin To Net: NetName=L_RX Pin=L_RXD1-1
Added Pin To Net: NetName=L_RX Pin=U2-22
Added Pin To Net: NetName=L_RX Pin=U3-6
Added Net: Name=L_RX
Added Pin To Net: NetName=L_TX Pin=L_TXD1-1
Added Pin To Net: NetName=L_TX Pin=R11-1
Added Pin To Net: NetName=L_TX Pin=U2-23
Added Net: Name=L_TX
Added Pin To Net: NetName=Lo_RX Pin=J3-3
Added Pin To Net: NetName=Lo_RX Pin=P1-4
Added Pin To Net: NetName=Lo_RX Pin=R13-1
Added Net: Name=Lo_RX
Added Pin To Net: NetName=Lo_TX Pin=J3-4
Added Pin To Net: NetName=Lo_TX Pin=P1-3
Added Pin To Net: NetName=Lo_TX Pin=U3-3
Added Net: Name=Lo_TX
Added Pin To Net: NetName=M0 Pin=U2-20
Added Pin To Net: NetName=M0 Pin=U3-8
Added Net: Name=M0
Added Pin To Net: NetName=M1 Pin=U2-21
Added Pin To Net: NetName=M1 Pin=U3-11
Added Net: Name=M1
Added Pin To Net: NetName=M_0 Pin=J7-15
Added Pin To Net: NetName=M_0 Pin=J8-8
Added Pin To Net: NetName=M_0 Pin=P2-2
Added Pin To Net: NetName=M_0 Pin=R10-2
Added Pin To Net: NetName=M_0 Pin=R14-2
Added Net: Name=M_0
Added Pin To Net: NetName=M_1 Pin=J7-13
Added Pin To Net: NetName=M_1 Pin=J8-7
Added Pin To Net: NetName=M_1 Pin=P2-1
Added Pin To Net: NetName=M_1 Pin=R9-2
Added Pin To Net: NetName=M_1 Pin=R12-2
Added Net: Name=M_1
Added Pin To Net: NetName=MISO Pin=J4-4
Added Pin To Net: NetName=MISO Pin=J7-35
Added Pin To Net: NetName=MISO Pin=J10-8
Added Pin To Net: NetName=MISO Pin=U5-12
Added Net: Name=MISO
Added Pin To Net: NetName=MOSI Pin=J4-5
Added Pin To Net: NetName=MOSI Pin=J7-38
Added Pin To Net: NetName=MOSI Pin=J11-9
Added Pin To Net: NetName=MOSI Pin=U5-11
Added Net: Name=MOSI
Added Pin To Net: NetName=NetAUX1_2 Pin=AUX1-2
Added Pin To Net: NetName=NetAUX1_2 Pin=R8-1
Added Net: Name=NetAUX1_2
Added Pin To Net: NetName=NetC12_2 Pin=C12-2
Added Pin To Net: NetName=NetC12_2 Pin=U4-4
Added Net: Name=NetC12_2
Added Pin To Net: NetName=NetC22_2 Pin=C22-2
Added Pin To Net: NetName=NetC22_2 Pin=D2-1
Added Pin To Net: NetName=NetC22_2 Pin=D3-1
Added Pin To Net: NetName=NetC22_2 Pin=F1-1
Added Pin To Net: NetName=NetC22_2 Pin=R35-1
Added Pin To Net: NetName=NetC22_2 Pin=R36-2
Added Pin To Net: NetName=NetC22_2 Pin=U9-6
Added Net: Name=NetC22_2
Added Pin To Net: NetName=NetC24_1 Pin=C24-1
Added Pin To Net: NetName=NetC24_1 Pin=D3-2
Added Pin To Net: NetName=NetC24_1 Pin=D5-1
Added Pin To Net: NetName=NetC24_1 Pin=F2-1
Added Pin To Net: NetName=NetC24_1 Pin=P11-3
Added Pin To Net: NetName=NetC24_1 Pin=R38-1
Added Pin To Net: NetName=NetC24_1 Pin=U9-7
Added Net: Name=NetC24_1
Added Pin To Net: NetName=NetC26_2 Pin=C26-2
Added Pin To Net: NetName=NetC26_2 Pin=D6-1
Added Pin To Net: NetName=NetC26_2 Pin=D8-1
Added Pin To Net: NetName=NetC26_2 Pin=F3-1
Added Pin To Net: NetName=NetC26_2 Pin=R40-1
Added Pin To Net: NetName=NetC26_2 Pin=R41-2
Added Pin To Net: NetName=NetC26_2 Pin=U10-6
Added Net: Name=NetC26_2
Added Pin To Net: NetName=NetC27_1 Pin=C27-1
Added Pin To Net: NetName=NetC27_1 Pin=D8-2
Added Pin To Net: NetName=NetC27_1 Pin=D9-1
Added Pin To Net: NetName=NetC27_1 Pin=F4-1
Added Pin To Net: NetName=NetC27_1 Pin=P12-3
Added Pin To Net: NetName=NetC27_1 Pin=R42-1
Added Pin To Net: NetName=NetC27_1 Pin=U10-7
Added Net: Name=NetC27_1
Added Pin To Net: NetName=NetD1_A Pin=D1-A
Added Pin To Net: NetName=NetD1_A Pin=J1-A4_B9
Added Pin To Net: NetName=NetD1_A Pin=J1-B4_A9
Added Net: Name=NetD1_A
Added Pin To Net: NetName=NetJ1_A5 Pin=J1-A5
Added Pin To Net: NetName=NetJ1_A5 Pin=R1-2
Added Net: Name=NetJ1_A5
Added Pin To Net: NetName=NetJ1_B5 Pin=J1-B5
Added Pin To Net: NetName=NetJ1_B5 Pin=R2-2
Added Net: Name=NetJ1_B5
Added Pin To Net: NetName=NetJ2_1 Pin=J2-1
Added Pin To Net: NetName=NetJ2_1 Pin=U2-12
Added Net: Name=NetJ2_1
Added Pin To Net: NetName=NetJ7_1 Pin=J7-1
Added Pin To Net: NetName=NetJ7_1 Pin=J8-1
Added Net: Name=NetJ7_1
Added Pin To Net: NetName=NetJ7_3 Pin=J7-3
Added Pin To Net: NetName=NetJ7_3 Pin=J8-2
Added Net: Name=NetJ7_3
Added Pin To Net: NetName=NetJ7_5 Pin=J7-5
Added Pin To Net: NetName=NetJ7_5 Pin=J8-3
Added Net: Name=NetJ7_5
Added Pin To Net: NetName=NetJ7_11 Pin=J7-11
Added Pin To Net: NetName=NetJ7_11 Pin=J8-6
Added Net: Name=NetJ7_11
Added Pin To Net: NetName=NetJ7_16 Pin=J7-16
Added Pin To Net: NetName=NetJ7_16 Pin=J9-8
Added Net: Name=NetJ7_16
Added Pin To Net: NetName=NetJ7_17 Pin=J7-17
Added Pin To Net: NetName=NetJ7_17 Pin=J8-9
Added Net: Name=NetJ7_17
Added Pin To Net: NetName=NetJ7_19 Pin=J7-19
Added Pin To Net: NetName=NetJ7_19 Pin=J8-10
Added Net: Name=NetJ7_19
Added Pin To Net: NetName=NetJ7_21 Pin=J7-21
Added Pin To Net: NetName=NetJ7_21 Pin=J10-1
Added Net: Name=NetJ7_21
Added Pin To Net: NetName=NetJ7_23 Pin=J7-23
Added Pin To Net: NetName=NetJ7_23 Pin=J10-2
Added Net: Name=NetJ7_23
Added Pin To Net: NetName=NetJ7_24 Pin=J7-24
Added Pin To Net: NetName=NetJ7_24 Pin=J11-2
Added Net: Name=NetJ7_24
Added Pin To Net: NetName=NetJ7_26 Pin=J7-26
Added Pin To Net: NetName=NetJ7_26 Pin=J11-3
Added Net: Name=NetJ7_26
Added Pin To Net: NetName=NetJ7_27 Pin=J7-27
Added Pin To Net: NetName=NetJ7_27 Pin=J10-4
Added Net: Name=NetJ7_27
Added Pin To Net: NetName=NetJ7_28 Pin=J7-28
Added Pin To Net: NetName=NetJ7_28 Pin=J11-4
Added Net: Name=NetJ7_28
Added Pin To Net: NetName=NetJ7_32 Pin=J7-32
Added Pin To Net: NetName=NetJ7_32 Pin=J11-6
Added Net: Name=NetJ7_32
Added Pin To Net: NetName=NetJ7_33 Pin=J7-33
Added Pin To Net: NetName=NetJ7_33 Pin=J10-7
Added Net: Name=NetJ7_33
Added Pin To Net: NetName=NetL_PWR1_2 Pin=L_PWR1-2
Added Pin To Net: NetName=NetL_PWR1_2 Pin=R5-1
Added Net: Name=NetL_PWR1_2
Added Pin To Net: NetName=NetL_RXD1_2 Pin=L_RXD1-2
Added Pin To Net: NetName=NetL_RXD1_2 Pin=R7-1
Added Net: Name=NetL_RXD1_2
Added Pin To Net: NetName=NetL_TXD1_2 Pin=L_TXD1-2
Added Pin To Net: NetName=NetL_TXD1_2 Pin=R6-1
Added Net: Name=NetL_TXD1_2
Added Pin To Net: NetName=NetP11_2 Pin=P11-2
Added Pin To Net: NetName=NetP11_2 Pin=R35-2
Added Net: Name=NetP11_2
Added Pin To Net: NetName=NetP12_2 Pin=P12-2
Added Pin To Net: NetName=NetP12_2 Pin=R40-2
Added Net: Name=NetP12_2
Added Pin To Net: NetName=NetQ1_1 Pin=Q1-1
Added Pin To Net: NetName=NetQ1_1 Pin=R34-2
Added Net: Name=NetQ1_1
Added Pin To Net: NetName=NetQ2_1 Pin=Q2-1
Added Pin To Net: NetName=NetQ2_1 Pin=R39-2
Added Net: Name=NetQ2_1
Added Pin To Net: NetName=NetR3_2 Pin=R3-2
Added Pin To Net: NetName=NetR3_2 Pin=U1-9
Added Net: Name=NetR3_2
Added Pin To Net: NetName=NetR4_1 Pin=R4-1
Added Pin To Net: NetName=NetR4_1 Pin=U1-11
Added Net: Name=NetR4_1
Added Pin To Net: NetName=NetR11_2 Pin=R11-2
Added Pin To Net: NetName=NetR11_2 Pin=U3-2
Added Net: Name=NetR11_2
Added Pin To Net: NetName=NetR12_1 Pin=R12-1
Added Pin To Net: NetName=NetR12_1 Pin=U3-12
Added Net: Name=NetR12_1
Added Pin To Net: NetName=NetR13_2 Pin=R13-2
Added Pin To Net: NetName=NetR13_2 Pin=U3-5
Added Net: Name=NetR13_2
Added Pin To Net: NetName=NetR14_1 Pin=R14-1
Added Pin To Net: NetName=NetR14_1 Pin=U3-9
Added Net: Name=NetR14_1
Added Pin To Net: NetName=NetR17_1 Pin=R17-1
Added Pin To Net: NetName=NetR17_1 Pin=RS_PWR1-2
Added Net: Name=NetR17_1
Added Pin To Net: NetName=NetR18_1 Pin=R18-1
Added Pin To Net: NetName=NetR18_1 Pin=RS_TXD1-2
Added Net: Name=NetR18_1
Added Pin To Net: NetName=NetR19_1 Pin=R19-1
Added Pin To Net: NetName=NetR19_1 Pin=RS_RXD1-2
Added Net: Name=NetR19_1
Added Pin To Net: NetName=NetR20_1 Pin=R20-1
Added Pin To Net: NetName=NetR20_1 Pin=RS_TXD2-2
Added Net: Name=NetR20_1
Added Pin To Net: NetName=NetR21_1 Pin=R21-1
Added Pin To Net: NetName=NetR21_1 Pin=RS_RXD2-2
Added Net: Name=NetR21_1
Added Pin To Net: NetName=NetR26_1 Pin=R26-1
Added Pin To Net: NetName=NetR26_1 Pin=U7-1
Added Net: Name=NetR26_1
Added Pin To Net: NetName=NetR27_1 Pin=R27-1
Added Pin To Net: NetName=NetR27_1 Pin=U8-1
Added Net: Name=NetR27_1
Added Pin To Net: NetName=NetR28_2 Pin=R28-2
Added Pin To Net: NetName=NetR28_2 Pin=U5-9
Added Net: Name=NetR28_2
Added Pin To Net: NetName=NetR30_2 Pin=R30-2
Added Pin To Net: NetName=NetR30_2 Pin=U5-5
Added Net: Name=NetR30_2
Added Pin To Net: NetName=P24 Pin=J7-18
Added Pin To Net: NetName=P24 Pin=J9-9
Added Pin To Net: NetName=P24 Pin=R15-2
Added Net: Name=P24
Added Pin To Net: NetName=P25 Pin=J7-22
Added Pin To Net: NetName=P25 Pin=J11-1
Added Pin To Net: NetName=P25 Pin=R16-2
Added Net: Name=P25
Added Pin To Net: NetName=P26 Pin=J7-37
Added Pin To Net: NetName=P26 Pin=J10-9
Added Pin To Net: NetName=P26 Pin=R22-2
Added Net: Name=P26
Added Pin To Net: NetName=P27 Pin=J7-36
Added Pin To Net: NetName=P27 Pin=J11-8
Added Pin To Net: NetName=P27 Pin=R23-2
Added Net: Name=P27
Added Pin To Net: NetName=P_RX Pin=J7-10
Added Pin To Net: NetName=P_RX Pin=J9-5
Added Pin To Net: NetName=P_RX Pin=P1-5
Added Net: Name=P_RX
Added Pin To Net: NetName=P_TX Pin=J7-8
Added Pin To Net: NetName=P_TX Pin=J9-4
Added Pin To Net: NetName=P_TX Pin=P1-6
Added Net: Name=P_TX
Added Pin To Net: NetName=RPI_5V Pin=C1-2
Added Pin To Net: NetName=RPI_5V Pin=C2-2
Added Pin To Net: NetName=RPI_5V Pin=C3-2
Added Pin To Net: NetName=RPI_5V Pin=C6-1
Added Pin To Net: NetName=RPI_5V Pin=C7-1
Added Pin To Net: NetName=RPI_5V Pin=C9-2
Added Pin To Net: NetName=RPI_5V Pin=C10-2
Added Pin To Net: NetName=RPI_5V Pin=C13-2
Added Pin To Net: NetName=RPI_5V Pin=C14-2
Added Pin To Net: NetName=RPI_5V Pin=C15-1
Added Pin To Net: NetName=RPI_5V Pin=D1-C
Added Pin To Net: NetName=RPI_5V Pin=J3-1
Added Pin To Net: NetName=RPI_5V Pin=J4-1
Added Pin To Net: NetName=RPI_5V Pin=J7-2
Added Pin To Net: NetName=RPI_5V Pin=J7-4
Added Pin To Net: NetName=RPI_5V Pin=J9-1
Added Pin To Net: NetName=RPI_5V Pin=J9-2
Added Pin To Net: NetName=RPI_5V Pin=PS1-1
Added Pin To Net: NetName=RPI_5V Pin=R3-1
Added Pin To Net: NetName=RPI_5V Pin=U1-7
Added Pin To Net: NetName=RPI_5V Pin=U1-8
Added Pin To Net: NetName=RPI_5V Pin=U2-25
Added Pin To Net: NetName=RPI_5V Pin=U4-1
Added Pin To Net: NetName=RPI_5V Pin=U4-3
Added Pin To Net: NetName=RPI_5V Pin=U6-1
Added Net: Name=RPI_5V
Added Pin To Net: NetName=RXD_1B Pin=U6-12
Added Pin To Net: NetName=RXD_1B Pin=U9-1
Added Net: Name=RXD_1B
Added Pin To Net: NetName=RXD_1 Pin=RS_RXD1-1
Added Pin To Net: NetName=RXD_1 Pin=U5-4
Added Pin To Net: NetName=RXD_1 Pin=U6-5
Added Net: Name=RXD_1
Added Pin To Net: NetName=RXD_2B Pin=U6-11
Added Pin To Net: NetName=RXD_2B Pin=U10-1
Added Net: Name=RXD_2B
Added Pin To Net: NetName=RXD_2 Pin=RS_RXD2-1
Added Pin To Net: NetName=RXD_2 Pin=U5-24
Added Pin To Net: NetName=RXD_2 Pin=U6-6
Added Net: Name=RXD_2
Added Pin To Net: NetName=SCLK Pin=J4-3
Added Pin To Net: NetName=SCLK Pin=J7-40
Added Pin To Net: NetName=SCLK Pin=J11-10
Added Pin To Net: NetName=SCLK Pin=U5-13
Added Net: Name=SCLK
Added Pin To Net: NetName=SGND Pin=C17-2
Added Pin To Net: NetName=SGND Pin=C19-1
Added Pin To Net: NetName=SGND Pin=C20-1
Added Pin To Net: NetName=SGND Pin=C23-2
Added Pin To Net: NetName=SGND Pin=C24-2
Added Pin To Net: NetName=SGND Pin=C25-2
Added Pin To Net: NetName=SGND Pin=C27-2
Added Pin To Net: NetName=SGND Pin=D2-2
Added Pin To Net: NetName=SGND Pin=D4-3
Added Pin To Net: NetName=SGND Pin=D5-2
Added Pin To Net: NetName=SGND Pin=D6-2
Added Pin To Net: NetName=SGND Pin=D7-3
Added Pin To Net: NetName=SGND Pin=D9-2
Added Pin To Net: NetName=SGND Pin=J5-2
Added Pin To Net: NetName=SGND Pin=J6-2
Added Pin To Net: NetName=SGND Pin=P3-1
Added Pin To Net: NetName=SGND Pin=P7-1
Added Pin To Net: NetName=SGND Pin=PS1-4
Added Pin To Net: NetName=SGND Pin=Q1-2
Added Pin To Net: NetName=SGND Pin=Q2-2
Added Pin To Net: NetName=SGND Pin=R38-2
Added Pin To Net: NetName=SGND Pin=R42-2
Added Pin To Net: NetName=SGND Pin=U6-9
Added Pin To Net: NetName=SGND Pin=U6-15
Added Pin To Net: NetName=SGND Pin=U7-3
Added Pin To Net: NetName=SGND Pin=U8-3
Added Pin To Net: NetName=SGND Pin=U9-5
Added Pin To Net: NetName=SGND Pin=U10-5
Added Net: Name=SGND
Added Pin To Net: NetName=TXD_1B' Pin=P5-1
Added Pin To Net: NetName=TXD_1B' Pin=Q1-3
Added Pin To Net: NetName=TXD_1B' Pin=R33-1
Added Net: Name=TXD_1B'
Added Pin To Net: NetName=TXD_1B Pin=P6-1
Added Pin To Net: NetName=TXD_1B Pin=R34-1
Added Pin To Net: NetName=TXD_1B Pin=U6-14
Added Net: Name=TXD_1B
Added Pin To Net: NetName=TXD_1 Pin=RS_TXD1-1
Added Pin To Net: NetName=TXD_1 Pin=U5-3
Added Pin To Net: NetName=TXD_1 Pin=U6-3
Added Net: Name=TXD_1
Added Pin To Net: NetName=TXD_2B' Pin=P9-1
Added Pin To Net: NetName=TXD_2B' Pin=Q2-3
Added Pin To Net: NetName=TXD_2B' Pin=R37-1
Added Net: Name=TXD_2B'
Added Pin To Net: NetName=TXD_2B Pin=P10-1
Added Pin To Net: NetName=TXD_2B Pin=R39-1
Added Pin To Net: NetName=TXD_2B Pin=U6-13
Added Net: Name=TXD_2B
Added Pin To Net: NetName=TXD_2 Pin=RS_TXD2-1
Added Pin To Net: NetName=TXD_2 Pin=U5-23
Added Pin To Net: NetName=TXD_2 Pin=U6-4
Added Net: Name=TXD_2
Added Pin To Net: NetName=TXDEN_1'' Pin=P4-3
Added Pin To Net: NetName=TXDEN_1'' Pin=P5-3
Added Pin To Net: NetName=TXDEN_1'' Pin=U9-2
Added Pin To Net: NetName=TXDEN_1'' Pin=U9-3
Added Net: Name=TXDEN_1''
Added Pin To Net: NetName=TXDEN_1' Pin=P4-1
Added Pin To Net: NetName=TXDEN_1' Pin=R31-2
Added Pin To Net: NetName=TXDEN_1' Pin=U7-4
Added Net: Name=TXDEN_1'
Added Pin To Net: NetName=TXDEN_1 Pin=J4-8
Added Pin To Net: NetName=TXDEN_1 Pin=J7-29
Added Pin To Net: NetName=TXDEN_1 Pin=J10-5
Added Pin To Net: NetName=TXDEN_1 Pin=R24-2
Added Pin To Net: NetName=TXDEN_1 Pin=R26-2
Added Net: Name=TXDEN_1
Added Pin To Net: NetName=TXDEN_2'' Pin=P8-3
Added Pin To Net: NetName=TXDEN_2'' Pin=P9-3
Added Pin To Net: NetName=TXDEN_2'' Pin=U10-2
Added Pin To Net: NetName=TXDEN_2'' Pin=U10-3
Added Net: Name=TXDEN_2''
Added Pin To Net: NetName=TXDEN_2' Pin=P8-1
Added Pin To Net: NetName=TXDEN_2' Pin=R32-2
Added Pin To Net: NetName=TXDEN_2' Pin=U8-4
Added Net: Name=TXDEN_2'
Added Pin To Net: NetName=TXDEN_2 Pin=J4-9
Added Pin To Net: NetName=TXDEN_2 Pin=J7-31
Added Pin To Net: NetName=TXDEN_2 Pin=J10-6
Added Pin To Net: NetName=TXDEN_2 Pin=R25-2
Added Pin To Net: NetName=TXDEN_2 Pin=R27-2
Added Net: Name=TXDEN_2
Added Pin To Net: NetName=U_RX Pin=P1-1
Added Pin To Net: NetName=U_RX Pin=P1-8
Added Pin To Net: NetName=U_RX Pin=U1-25
Added Net: Name=U_RX
Added Pin To Net: NetName=U_TX Pin=P1-2
Added Pin To Net: NetName=U_TX Pin=P1-7
Added Pin To Net: NetName=U_TX Pin=U1-26
Added Net: Name=U_TX
Added Pin To Net: NetName=XI Pin=C18-2
Added Pin To Net: NetName=XI Pin=U5-6
Added Pin To Net: NetName=XI Pin=Y1-1
Added Net: Name=XI
Added Pin To Net: NetName=XO Pin=C21-2
Added Pin To Net: NetName=XO Pin=U5-7
Added Pin To Net: NetName=XO Pin=Y1-2
Added Net: Name=XO
Added Class: Name=connect
Added Class: Name=LoRa_V
Added Class: Name=RS_485_V
Added Differential Pair: Name=D
Added Room: Name=connect
Added Room: Name=LoRa_V
Added Room: Name=RS_485_V
